Date,LastUpdate,BusinessUnit,Site,Region,Severity,Status,SourceSystem,PageName,KPIName,KPIValue,Target,DeltaPct,Owner
2026-03-01,2026-03-24,Ports,Ahmedabad,North,High,In Progress,IAM,Page 1 - SOC Overview,Critical Incidents,72,100,-28,Security Ops
2026-03-01,2026-03-24,Energy,Ahmedabad,South,High,In Progress,EDR,Page 1 - SOC Overview,Mean Time to Respond (MTTR),72,100,-28,Security Ops
2026-03-01,2026-03-24,Ports,Mumbai,West,Low,Open,DLP,Page 1 - SOC Overview,False Positive Rate,15,100,-85,SOC Team
2026-03-01,2026-03-24,Data Center,Ahmedabad,East,Critical,Open,SIEM,Page 1 - SOC Overview,Incident Recurrence Rate,47,100,-53,SOC Team
2026-03-01,2026-03-24,Airports,Raipur,West,High,Open,SIEM,Page 1 - SOC Overview,Escalation Rate,13,100,-87,Security Ops
2026-03-01,2026-03-24,Ports,Raipur,South,Medium,Open,SIEM,Page 2 - Threat Detection,Ransomware Detection Count,15,100,-85,SOC Team
2026-03-01,2026-03-24,Energy,Ahmedabad,West,Critical,Open,SIEM,Page 2 - Threat Detection,EDR Coverage Rate,54,100,-46,Security Ops
2026-03-01,2026-03-24,Airports,Mumbai,East,Critical,Open,IAM,Page 2 - Threat Detection,XDR Alert Volume,63,100,-37,SOC Team
2026-03-01,2026-03-24,Data Center,Mumbai,North,Critical,Open,IAM,Page 2 - Threat Detection,Suspicious Login Attempts,14,100,-86,SOC Team
2026-03-01,2026-03-24,Airports,Mumbai,South,Critical,Resolved,DLP,Page 3 - Vulnerability & Patch,Critical Vulnerabilities Open,105,100,5,SOC Team
2026-03-01,2026-03-24,Data Center,Ahmedabad,West,Critical,Resolved,Firewall,Page 3 - Vulnerability & Patch,Vulnerability Remediation Rate,125,100,25,Security Ops
2026-03-01,2026-03-24,Ports,Mundra,South,Low,Open,SIEM,Page 3 - Vulnerability & Patch,Average Patch Age (Days),26,100,-74,Security Ops
2026-03-01,2026-03-24,Airports,Raipur,West,Critical,Resolved,EDR,Page 4 - Identity & Access,Privileged Account Count,122,100,22,Security Ops
2026-03-01,2026-03-24,Energy,Mumbai,South,Medium,Open,DLP,Page 4 - Identity & Access,Dormant Account Count,21,100,-79,SOC Team
2026-03-01,2026-03-24,Ports,Mundra,South,Low,Open,Firewall,Page 4 - Identity & Access,Failed Login Rate,11,100,-89,Security Ops
2026-03-01,2026-03-24,Data Center,Raipur,South,Medium,In Progress,IAM,Page 4 - Identity & Access,Unauthorized Access Attempts,85,100,-15,Security Ops
2026-03-01,2026-03-24,Ports,Mumbai,South,Low,Resolved,Firewall,Page 4 - Identity & Access,IAM Provisioning SLA,104,100,4,Security Ops
2026-03-01,2026-03-24,Energy,Ahmedabad,East,Medium,In Progress,SIEM,Page 4 - Identity & Access,Third-Party Access Risk Score,82,100,-18,Security Ops
2026-03-01,2026-03-24,Data Center,Mundra,East,Low,Open,Firewall,Page 5 - Compliance & Resilience,Data Loss Prevention (DLP) Incidents,25,100,-75,Security Ops
2026-03-01,2026-03-24,Ports,Raipur,West,High,Open,DLP,Page 5 - Compliance & Resilience,Backup Success Rate,58,100,-42,Security Ops
2026-03-01,2026-03-24,Energy,Ahmedabad,West,Low,Resolved,Firewall,Page 5 - Compliance & Resilience,Policy Acknowledgement Rate,100,100,0,Security Ops
2026-03-01,2026-03-24,Airports,Raipur,South,Low,Open,IAM,Page 5 - Compliance & Resilience,Security Awareness Training Completion,32,100,-68,Security Ops
2026-03-01,2026-03-24,Data Center,Ahmedabad,North,High,Resolved,Firewall,Page 5 - Compliance & Resilience,Third-Party Compliance Score,116,100,16,SOC Team
2026-03-02,2026-03-24,Airports,Mumbai,West,Medium,Open,IAM,Page 1 - SOC Overview,Open High-Risk Alerts,23,100,-77,SOC Team
2026-03-02,2026-03-24,Airports,Ahmedabad,South,Medium,In Progress,IAM,Page 1 - SOC Overview,False Positive Rate,80,100,-20,Security Ops
2026-03-02,2026-03-24,Ports,Mumbai,South,Critical,Open,EDR,Page 1 - SOC Overview,SOC Analyst Utilization,42,100,-58,SOC Team
2026-03-02,2026-03-24,Energy,Raipur,West,Low,Resolved,EDR,Page 2 - Threat Detection,Threats Detected per Day,113,100,13,Security Ops
2026-03-02,2026-03-24,Data Center,Ahmedabad,West,High,Open,Firewall,Page 2 - Threat Detection,Blocked Malware Attempts,19,100,-81,Security Ops
2026-03-02,2026-03-24,Data Center,Raipur,Central,Critical,In Progress,EDR,Page 2 - Threat Detection,Phishing Detection Count,80,100,-20,Security Ops
2026-03-02,2026-03-24,Data Center,Raipur,North,High,Open,IAM,Page 2 - Threat Detection,Anomalous Network Sessions,15,100,-85,SOC Team
2026-03-02,2026-03-24,Energy,Mumbai,West,Medium,Open,IAM,Page 3 - Vulnerability & Patch,High Vulnerabilities Open,48,100,-52,SOC Team
2026-03-02,2026-03-24,Ports,Raipur,South,Low,Open,EDR,Page 3 - Vulnerability & Patch,Vulnerability Remediation Rate,10,100,-90,SOC Team
2026-03-02,2026-03-24,Ports,Mumbai,West,Critical,Open,Firewall,Page 3 - Vulnerability & Patch,Patch Compliance Rate,31,100,-69,SOC Team
2026-03-02,2026-03-24,Airports,Ahmedabad,Central,High,Open,IAM,Page 3 - Vulnerability & Patch,Average Patch Age (Days),60,100,-40,Security Ops
2026-03-02,2026-03-24,Data Center,Ahmedabad,East,Medium,In Progress,DLP,Page 3 - Vulnerability & Patch,Internet-Facing Asset Risk Score,89,100,-11,SOC Team
2026-03-02,2026-03-24,Energy,Ahmedabad,Central,Medium,In Progress,EDR,Page 3 - Vulnerability & Patch,CVSS Weighted Exposure,81,100,-19,SOC Team
2026-03-02,2026-03-24,Energy,Mundra,North,Medium,Open,DLP,Page 4 - Identity & Access,Dormant Account Count,10,100,-90,SOC Team
2026-03-02,2026-03-24,Energy,Ahmedabad,East,Critical,Resolved,SIEM,Page 4 - Identity & Access,Password Policy Compliance,106,100,6,Security Ops
2026-03-02,2026-03-24,Data Center,Raipur,West,Medium,In Progress,Firewall,Page 4 - Identity & Access,PAM Session Violations,71,100,-29,Security Ops
2026-03-02,2026-03-24,Ports,Raipur,West,Low,Open,DLP,Page 4 - Identity & Access,Third-Party Access Risk Score,28,100,-72,Security Ops
2026-03-02,2026-03-24,Energy,Mumbai,North,Medium,Open,SIEM,Page 5 - Compliance & Resilience,Compliance Controls Pass Rate,38,100,-62,SOC Team
2026-03-02,2026-03-24,Airports,Mumbai,West,High,Open,DLP,Page 5 - Compliance & Resilience,Backup Success Rate,16,100,-84,Security Ops
2026-03-02,2026-03-24,Airports,Raipur,East,Medium,Resolved,Firewall,Page 5 - Compliance & Resilience,Disaster Recovery Drill Score,91,100,-9,SOC Team
2026-03-02,2026-03-24,Energy,Raipur,West,Low,Resolved,Firewall,Page 5 - Compliance & Resilience,Business Continuity Readiness,108,100,8,SOC Team
2026-03-02,2026-03-24,Data Center,Raipur,Central,Critical,Resolved,IAM,Page 5 - Compliance & Resilience,Policy Acknowledgement Rate,126,100,26,SOC Team
2026-03-03,2026-03-24,Energy,Raipur,South,Medium,Resolved,Firewall,Page 1 - SOC Overview,Critical Incidents,121,100,21,Security Ops
2026-03-03,2026-03-24,Data Center,Mundra,North,Low,Resolved,SIEM,Page 1 - SOC Overview,Mean Time to Respond (MTTR),116,100,16,SOC Team
2026-03-03,2026-03-24,Airports,Ahmedabad,South,Critical,Resolved,SIEM,Page 1 - SOC Overview,Open High-Risk Alerts,100,100,0,Security Ops
2026-03-03,2026-03-24,Energy,Mundra,East,Low,Open,IAM,Page 1 - SOC Overview,False Positive Rate,43,100,-57,SOC Team
2026-03-03,2026-03-24,Energy,Raipur,Central,Low,Open,Firewall,Page 2 - Threat Detection,Threats Detected per Day,48,100,-52,Security Ops
2026-03-03,2026-03-24,Data Center,Mundra,Central,Low,Open,Firewall,Page 2 - Threat Detection,EDR Coverage Rate,40,100,-60,SOC Team
2026-03-03,2026-03-24,Airports,Ahmedabad,East,Low,Resolved,DLP,Page 2 - Threat Detection,XDR Alert Volume,91,100,-9,Security Ops
2026-03-03,2026-03-24,Ports,Mumbai,North,High,Open,DLP,Page 2 - Threat Detection,IOC Match Rate,52,100,-48,Security Ops
2026-03-03,2026-03-24,Airports,Raipur,South,Low,Open,Firewall,Page 2 - Threat Detection,Lateral Movement Alerts,50,100,-50,Security Ops
2026-03-03,2026-03-24,Energy,Ahmedabad,North,Critical,Open,Firewall,Page 2 - Threat Detection,Anomalous Network Sessions,56,100,-44,SOC Team
2026-03-03,2026-03-24,Energy,Mumbai,West,Low,Open,SIEM,Page 3 - Vulnerability & Patch,Internet-Facing Asset Risk Score,45,100,-55,SOC Team
2026-03-03,2026-03-24,Airports,Mundra,Central,Critical,Open,IAM,Page 3 - Vulnerability & Patch,Unpatched Endpoint Count,41,100,-59,Security Ops
2026-03-03,2026-03-24,Airports,Mundra,North,High,Open,SIEM,Page 3 - Vulnerability & Patch,Scan Coverage Rate,24,100,-76,Security Ops
2026-03-03,2026-03-24,Ports,Ahmedabad,South,Low,Open,SIEM,Page 3 - Vulnerability & Patch,Configuration Drift Incidents,63,100,-37,Security Ops
2026-03-03,2026-03-24,Ports,Ahmedabad,West,Low,Open,Firewall,Page 4 - Identity & Access,Privileged Account Count,15,100,-85,SOC Team
2026-03-03,2026-03-24,Ports,Raipur,South,Critical,Open,EDR,Page 4 - Identity & Access,Password Policy Compliance,19,100,-81,Security Ops
2026-03-03,2026-03-24,Ports,Ahmedabad,West,High,In Progress,SIEM,Page 4 - Identity & Access,Access Review Completion Rate,71,100,-29,SOC Team
2026-03-03,2026-03-24,Energy,Ahmedabad,North,Low,In Progress,EDR,Page 4 - Identity & Access,PAM Session Violations,81,100,-19,Security Ops
2026-03-03,2026-03-24,Airports,Ahmedabad,North,Critical,Open,SIEM,Page 5 - Compliance & Resilience,Backup Success Rate,38,100,-62,SOC Team
2026-03-03,2026-03-24,Data Center,Raipur,North,Low,Open,EDR,Page 5 - Compliance & Resilience,Disaster Recovery Drill Score,60,100,-40,SOC Team
2026-03-03,2026-03-24,Ports,Raipur,East,Critical,Open,DLP,Page 5 - Compliance & Resilience,Policy Acknowledgement Rate,53,100,-47,Security Ops
2026-03-03,2026-03-24,Airports,Ahmedabad,North,High,Resolved,EDR,Page 5 - Compliance & Resilience,Security Awareness Training Completion,93,100,-7,Security Ops
2026-03-04,2026-03-24,Ports,Mundra,North,High,Resolved,DLP,Page 1 - SOC Overview,Total Security Incidents,127,100,27,SOC Team
2026-03-04,2026-03-24,Airports,Ahmedabad,Central,Critical,Open,SIEM,Page 1 - SOC Overview,Critical Incidents,30,100,-70,Security Ops
2026-03-04,2026-03-24,Data Center,Raipur,East,Critical,Open,Firewall,Page 1 - SOC Overview,SLA Compliance Rate,10,100,-90,SOC Team
2026-03-04,2026-03-24,Airports,Ahmedabad,East,Critical,Resolved,IAM,Page 1 - SOC Overview,False Positive Rate,126,100,26,Security Ops
2026-03-04,2026-03-24,Energy,Mundra,West,Medium,In Progress,SIEM,Page 1 - SOC Overview,Incident Recurrence Rate,72,100,-28,SOC Team
2026-03-04,2026-03-24,Ports,Ahmedabad,East,Medium,In Progress,Firewall,Page 2 - Threat Detection,Threats Detected per Day,74,100,-26,Security Ops
2026-03-04,2026-03-24,Airports,Raipur,East,Critical,Resolved,DLP,Page 2 - Threat Detection,Ransomware Detection Count,125,100,25,SOC Team
2026-03-04,2026-03-24,Airports,Mumbai,East,Critical,Resolved,SIEM,Page 2 - Threat Detection,Phishing Detection Count,119,100,19,SOC Team
2026-03-04,2026-03-24,Energy,Mundra,North,Low,Resolved,IAM,Page 2 - Threat Detection,Anomalous Network Sessions,121,100,21,SOC Team
2026-03-04,2026-03-24,Data Center,Mumbai,West,Medium,Open,DLP,Page 3 - Vulnerability & Patch,Vulnerability Remediation Rate,14,100,-86,Security Ops
2026-03-04,2026-03-24,Airports,Mumbai,North,High,Open,IAM,Page 3 - Vulnerability & Patch,Patch Compliance Rate,47,100,-53,Security Ops
2026-03-04,2026-03-24,Airports,Ahmedabad,West,Low,Resolved,DLP,Page 3 - Vulnerability & Patch,Average Patch Age (Days),95,100,-5,SOC Team
2026-03-04,2026-03-24,Energy,Mundra,South,Low,Open,SIEM,Page 3 - Vulnerability & Patch,Unpatched Endpoint Count,21,100,-79,Security Ops
2026-03-04,2026-03-24,Airports,Raipur,South,High,Resolved,EDR,Page 3 - Vulnerability & Patch,Scan Coverage Rate,115,100,15,SOC Team
2026-03-04,2026-03-24,Ports,Raipur,West,Medium,Open,IAM,Page 4 - Identity & Access,Dormant Account Count,34,100,-66,SOC Team
2026-03-04,2026-03-24,Data Center,Ahmedabad,North,High,Open,Firewall,Page 4 - Identity & Access,Failed Login Rate,54,100,-46,Security Ops
2026-03-04,2026-03-24,Energy,Ahmedabad,North,Medium,In Progress,IAM,Page 4 - Identity & Access,Access Review Completion Rate,84,100,-16,SOC Team
2026-03-04,2026-03-24,Airports,Mundra,East,Low,Resolved,DLP,Page 4 - Identity & Access,Unauthorized Access Attempts,90,100,-10,SOC Team
2026-03-04,2026-03-24,Data Center,Mumbai,West,Medium,Open,DLP,Page 4 - Identity & Access,IAM Provisioning SLA,20,100,-80,SOC Team
2026-03-04,2026-03-24,Ports,Raipur,East,High,Open,IAM,Page 4 - Identity & Access,PAM Session Violations,63,100,-37,SOC Team
2026-03-04,2026-03-24,Ports,Mundra,West,High,Open,DLP,Page 4 - Identity & Access,Third-Party Access Risk Score,56,100,-44,Security Ops
2026-03-04,2026-03-24,Ports,Ahmedabad,North,Low,Open,DLP,Page 5 - Compliance & Resilience,Compliance Controls Pass Rate,56,100,-44,Security Ops
2026-03-04,2026-03-24,Ports,Mumbai,South,High,Resolved,SIEM,Page 5 - Compliance & Resilience,Data Loss Prevention (DLP) Incidents,95,100,-5,Security Ops
2026-03-04,2026-03-24,Ports,Mundra,South,High,In Progress,SIEM,Page 5 - Compliance & Resilience,Policy Acknowledgement Rate,89,100,-11,Security Ops
2026-03-04,2026-03-24,Energy,Raipur,East,Low,In Progress,DLP,Page 5 - Compliance & Resilience,Security Awareness Training Completion,74,100,-26,SOC Team
2026-03-04,2026-03-24,Data Center,Ahmedabad,Central,Medium,Open,IAM,Page 5 - Compliance & Resilience,Third-Party Compliance Score,26,100,-74,SOC Team
2026-03-05,2026-03-24,Airports,Mundra,East,High,Resolved,Firewall,Page 1 - SOC Overview,Mean Time to Respond (MTTR),92,100,-8,Security Ops
2026-03-05,2026-03-24,Data Center,Mundra,South,Medium,Resolved,SIEM,Page 1 - SOC Overview,Open High-Risk Alerts,104,100,4,SOC Team
2026-03-05,2026-03-24,Airports,Mundra,Central,Medium,Open,IAM,Page 1 - SOC Overview,False Positive Rate,27,100,-73,SOC Team
2026-03-05,2026-03-24,Airports,Mumbai,East,Critical,Resolved,Firewall,Page 1 - SOC Overview,Incident Recurrence Rate,113,100,13,SOC Team
2026-03-05,2026-03-24,Airports,Ahmedabad,West,Critical,In Progress,DLP,Page 1 - SOC Overview,SOC Analyst Utilization,80,100,-20,Security Ops
2026-03-05,2026-03-24,Energy,Mundra,North,Medium,Open,Firewall,Page 2 - Threat Detection,Ransomware Detection Count,38,100,-62,Security Ops
2026-03-05,2026-03-24,Ports,Ahmedabad,Central,High,Open,DLP,Page 2 - Threat Detection,EDR Coverage Rate,18,100,-82,Security Ops
2026-03-05,2026-03-24,Data Center,Raipur,North,Critical,Open,DLP,Page 2 - Threat Detection,Lateral Movement Alerts,26,100,-74,SOC Team
2026-03-05,2026-03-24,Energy,Mundra,Central,Critical,Open,Firewall,Page 3 - Vulnerability & Patch,Critical Vulnerabilities Open,56,100,-44,Security Ops
2026-03-05,2026-03-24,Energy,Mumbai,Central,Medium,Open,EDR,Page 3 - Vulnerability & Patch,Unpatched Endpoint Count,61,100,-39,Security Ops
2026-03-05,2026-03-24,Airports,Mumbai,Central,Low,Open,IAM,Page 4 - Identity & Access,Dormant Account Count,51,100,-49,SOC Team
2026-03-05,2026-03-24,Ports,Mumbai,East,Critical,Resolved,SIEM,Page 4 - Identity & Access,PAM Session Violations,125,100,25,SOC Team
2026-03-05,2026-03-24,Ports,Raipur,West,High,In Progress,DLP,Page 5 - Compliance & Resilience,Audit Findings Open,77,100,-23,SOC Team
2026-03-05,2026-03-24,Airports,Ahmedabad,Central,Low,In Progress,IAM,Page 5 - Compliance & Resilience,Backup Success Rate,83,100,-17,SOC Team
2026-03-05,2026-03-24,Energy,Mundra,South,Low,Open,Firewall,Page 5 - Compliance & Resilience,Business Continuity Readiness,36,100,-64,Security Ops
2026-03-05,2026-03-24,Energy,Ahmedabad,Central,Medium,Resolved,DLP,Page 5 - Compliance & Resilience,Policy Acknowledgement Rate,124,100,24,Security Ops
2026-03-05,2026-03-24,Ports,Raipur,North,Critical,Open,Firewall,Page 5 - Compliance & Resilience,Third-Party Compliance Score,32,100,-68,SOC Team
2026-03-06,2026-03-24,Data Center,Mundra,North,Medium,Open,DLP,Page 1 - SOC Overview,Total Security Incidents,60,100,-40,Security Ops
2026-03-06,2026-03-24,Airports,Raipur,Central,Low,Open,EDR,Page 1 - SOC Overview,Mean Time to Respond (MTTR),31,100,-69,SOC Team
2026-03-06,2026-03-24,Data Center,Mumbai,Central,Low,In Progress,SIEM,Page 1 - SOC Overview,False Positive Rate,73,100,-27,SOC Team
2026-03-06,2026-03-24,Energy,Mumbai,West,Medium,Resolved,SIEM,Page 1 - SOC Overview,Escalation Rate,110,100,10,Security Ops
2026-03-06,2026-03-24,Data Center,Mumbai,East,Low,Resolved,Firewall,Page 2 - Threat Detection,Threats Detected per Day,97,100,-3,SOC Team
2026-03-06,2026-03-24,Ports,Ahmedabad,Central,Medium,Open,EDR,Page 2 - Threat Detection,Ransomware Detection Count,43,100,-57,SOC Team
2026-03-06,2026-03-24,Airports,Ahmedabad,South,Medium,Resolved,Firewall,Page 2 - Threat Detection,Phishing Detection Count,92,100,-8,SOC Team
2026-03-06,2026-03-24,Ports,Ahmedabad,East,Low,Resolved,EDR,Page 2 - Threat Detection,Lateral Movement Alerts,114,100,14,SOC Team
2026-03-06,2026-03-24,Energy,Mumbai,South,High,In Progress,EDR,Page 3 - Vulnerability & Patch,Critical Vulnerabilities Open,72,100,-28,SOC Team
2026-03-06,2026-03-24,Energy,Mumbai,Central,Critical,In Progress,DLP,Page 3 - Vulnerability & Patch,High Vulnerabilities Open,75,100,-25,Security Ops
2026-03-06,2026-03-24,Data Center,Mumbai,East,Critical,Open,IAM,Page 3 - Vulnerability & Patch,Scan Coverage Rate,35,100,-65,SOC Team
2026-03-06,2026-03-24,Energy,Mundra,North,High,Open,IAM,Page 4 - Identity & Access,Failed Login Rate,30,100,-70,SOC Team
2026-03-06,2026-03-24,Airports,Mundra,North,Medium,Open,SIEM,Page 4 - Identity & Access,Access Review Completion Rate,22,100,-78,Security Ops
2026-03-06,2026-03-24,Ports,Raipur,South,Low,Open,SIEM,Page 4 - Identity & Access,IAM Provisioning SLA,26,100,-74,SOC Team
2026-03-06,2026-03-24,Data Center,Raipur,North,Low,Open,IAM,Page 4 - Identity & Access,PAM Session Violations,48,100,-52,Security Ops
2026-03-06,2026-03-24,Ports,Raipur,West,High,Open,SIEM,Page 4 - Identity & Access,Third-Party Access Risk Score,56,100,-44,SOC Team
2026-03-06,2026-03-24,Energy,Mundra,West,High,In Progress,EDR,Page 5 - Compliance & Resilience,Compliance Controls Pass Rate,82,100,-18,Security Ops
2026-03-06,2026-03-24,Energy,Mundra,North,Low,Open,EDR,Page 5 - Compliance & Resilience,Data Loss Prevention (DLP) Incidents,31,100,-69,SOC Team
2026-03-06,2026-03-24,Ports,Ahmedabad,North,Low,Open,SIEM,Page 5 - Compliance & Resilience,Disaster Recovery Drill Score,25,100,-75,Security Ops
2026-03-06,2026-03-24,Energy,Raipur,Central,Medium,Open,EDR,Page 5 - Compliance & Resilience,Policy Acknowledgement Rate,37,100,-63,SOC Team
2026-03-07,2026-03-24,Data Center,Mundra,West,High,Open,Firewall,Page 1 - SOC Overview,Total Security Incidents,60,100,-40,SOC Team
2026-03-07,2026-03-24,Energy,Raipur,West,Medium,Resolved,Firewall,Page 1 - SOC Overview,Critical Incidents,95,100,-5,Security Ops
2026-03-07,2026-03-24,Ports,Ahmedabad,East,Critical,Resolved,Firewall,Page 1 - SOC Overview,Mean Time to Respond (MTTR),101,100,1,SOC Team
2026-03-07,2026-03-24,Ports,Mundra,West,Low,In Progress,IAM,Page 1 - SOC Overview,SLA Compliance Rate,88,100,-12,Security Ops
2026-03-07,2026-03-24,Airports,Mumbai,South,Critical,Open,SIEM,Page 1 - SOC Overview,False Positive Rate,56,100,-44,Security Ops
2026-03-07,2026-03-24,Ports,Raipur,South,Medium,Open,Firewall,Page 1 - SOC Overview,Incident Recurrence Rate,36,100,-64,SOC Team
2026-03-07,2026-03-24,Ports,Mumbai,Central,Medium,Open,IAM,Page 2 - Threat Detection,Blocked Malware Attempts,27,100,-73,SOC Team
2026-03-07,2026-03-24,Energy,Ahmedabad,North,High,Resolved,EDR,Page 2 - Threat Detection,Phishing Detection Count,111,100,11,Security Ops
2026-03-07,2026-03-24,Energy,Mumbai,Central,Critical,Open,SIEM,Page 2 - Threat Detection,EDR Coverage Rate,28,100,-72,SOC Team
2026-03-07,2026-03-24,Ports,Mumbai,South,Low,Open,SIEM,Page 2 - Threat Detection,Lateral Movement Alerts,26,100,-74,Security Ops
2026-03-07,2026-03-24,Ports,Mundra,South,Low,Resolved,IAM,Page 3 - Vulnerability & Patch,Patch Compliance Rate,108,100,8,SOC Team
2026-03-07,2026-03-24,Ports,Ahmedabad,North,Low,Open,DLP,Page 3 - Vulnerability & Patch,Internet-Facing Asset Risk Score,14,100,-86,Security Ops
2026-03-07,2026-03-24,Energy,Raipur,North,Medium,Resolved,Firewall,Page 3 - Vulnerability & Patch,Unpatched Endpoint Count,104,100,4,SOC Team
2026-03-07,2026-03-24,Energy,Raipur,Central,Medium,Resolved,DLP,Page 3 - Vulnerability & Patch,Configuration Drift Incidents,92,100,-8,Security Ops
2026-03-07,2026-03-24,Data Center,Raipur,East,Critical,Open,Firewall,Page 4 - Identity & Access,Failed Login Rate,26,100,-74,SOC Team
2026-03-07,2026-03-24,Ports,Mundra,North,High,Open,Firewall,Page 4 - Identity & Access,Password Policy Compliance,50,100,-50,SOC Team
2026-03-07,2026-03-24,Airports,Mundra,Central,Critical,Resolved,IAM,Page 4 - Identity & Access,IAM Provisioning SLA,98,100,-2,SOC Team
2026-03-07,2026-03-24,Airports,Raipur,East,Low,Open,Firewall,Page 4 - Identity & Access,PAM Session Violations,39,100,-61,Security Ops
2026-03-07,2026-03-24,Data Center,Ahmedabad,East,Low,Open,IAM,Page 5 - Compliance & Resilience,Compliance Controls Pass Rate,54,100,-46,SOC Team
2026-03-07,2026-03-24,Airports,Raipur,South,Low,In Progress,SIEM,Page 5 - Compliance & Resilience,Backup Success Rate,67,100,-33,Security Ops
2026-03-07,2026-03-24,Energy,Mundra,Central,High,In Progress,Firewall,Page 5 - Compliance & Resilience,Recovery Time Objective (RTO) Achievement,78,100,-22,SOC Team
2026-03-07,2026-03-24,Airports,Raipur,North,High,Resolved,SIEM,Page 5 - Compliance & Resilience,Security Awareness Training Completion,119,100,19,SOC Team
2026-03-07,2026-03-24,Energy,Raipur,Central,Critical,Open,EDR,Page 5 - Compliance & Resilience,Third-Party Compliance Score,15,100,-85,SOC Team
2026-03-08,2026-03-24,Energy,Mundra,North,High,Open,EDR,Page 1 - SOC Overview,Total Security Incidents,54,100,-46,Security Ops
2026-03-08,2026-03-24,Energy,Ahmedabad,West,Low,Open,EDR,Page 1 - SOC Overview,Mean Time to Detect (MTTD),14,100,-86,SOC Team
2026-03-08,2026-03-24,Energy,Raipur,South,High,Open,IAM,Page 1 - SOC Overview,Mean Time to Respond (MTTR),25,100,-75,SOC Team
2026-03-08,2026-03-24,Energy,Mumbai,South,High,In Progress,EDR,Page 1 - SOC Overview,SLA Compliance Rate,83,100,-17,Security Ops
2026-03-08,2026-03-24,Airports,Mundra,South,Medium,Resolved,DLP,Page 1 - SOC Overview,Open High-Risk Alerts,121,100,21,Security Ops
2026-03-08,2026-03-24,Data Center,Mundra,North,Critical,Resolved,SIEM,Page 1 - SOC Overview,SOC Analyst Utilization,122,100,22,Security Ops
2026-03-08,2026-03-24,Data Center,Mumbai,South,Medium,Open,IAM,Page 1 - SOC Overview,Escalation Rate,33,100,-67,Security Ops
2026-03-08,2026-03-24,Data Center,Mundra,Central,Critical,Resolved,Firewall,Page 2 - Threat Detection,Threats Detected per Day,91,100,-9,Security Ops
2026-03-08,2026-03-24,Ports,Raipur,South,Medium,In Progress,DLP,Page 2 - Threat Detection,Ransomware Detection Count,89,100,-11,SOC Team
2026-03-08,2026-03-24,Airports,Mumbai,North,Critical,Open,EDR,Page 2 - Threat Detection,XDR Alert Volume,42,100,-58,Security Ops
2026-03-08,2026-03-24,Ports,Raipur,East,Critical,Open,DLP,Page 2 - Threat Detection,Suspicious Login Attempts,59,100,-41,SOC Team
2026-03-08,2026-03-24,Data Center,Mumbai,North,Critical,Resolved,SIEM,Page 2 - Threat Detection,Lateral Movement Alerts,101,100,1,SOC Team
2026-03-08,2026-03-24,Ports,Mundra,East,High,In Progress,IAM,Page 3 - Vulnerability & Patch,Critical Vulnerabilities Open,86,100,-14,Security Ops
2026-03-08,2026-03-24,Airports,Raipur,East,Critical,Open,EDR,Page 3 - Vulnerability & Patch,Internet-Facing Asset Risk Score,61,100,-39,Security Ops
2026-03-08,2026-03-24,Energy,Ahmedabad,East,Low,Open,DLP,Page 3 - Vulnerability & Patch,Configuration Drift Incidents,36,100,-64,SOC Team
2026-03-08,2026-03-24,Ports,Mumbai,North,High,Open,SIEM,Page 4 - Identity & Access,MFA Adoption Rate,27,100,-73,SOC Team
2026-03-08,2026-03-24,Energy,Mundra,South,Low,Open,DLP,Page 4 - Identity & Access,Privileged Account Count,35,100,-65,SOC Team
2026-03-08,2026-03-24,Ports,Ahmedabad,North,Low,In Progress,EDR,Page 4 - Identity & Access,Dormant Account Count,78,100,-22,Security Ops
2026-03-08,2026-03-24,Ports,Mumbai,West,Critical,Resolved,Firewall,Page 4 - Identity & Access,Password Policy Compliance,99,100,-1,SOC Team
2026-03-08,2026-03-24,Energy,Ahmedabad,East,Low,Open,DLP,Page 4 - Identity & Access,PAM Session Violations,30,100,-70,Security Ops
2026-03-08,2026-03-24,Energy,Raipur,West,High,Open,Firewall,Page 4 - Identity & Access,Third-Party Access Risk Score,37,100,-63,SOC Team
2026-03-08,2026-03-24,Data Center,Raipur,West,Low,Open,IAM,Page 5 - Compliance & Resilience,Audit Findings Open,15,100,-85,SOC Team
2026-03-08,2026-03-24,Data Center,Mumbai,East,Medium,Open,IAM,Page 5 - Compliance & Resilience,Data Loss Prevention (DLP) Incidents,17,100,-83,SOC Team
2026-03-08,2026-03-24,Ports,Mundra,North,Medium,Open,SIEM,Page 5 - Compliance & Resilience,Policy Acknowledgement Rate,18,100,-82,Security Ops
2026-03-08,2026-03-24,Airports,Raipur,Central,Critical,In Progress,Firewall,Page 5 - Compliance & Resilience,Security Awareness Training Completion,69,100,-31,Security Ops
2026-03-09,2026-03-24,Data Center,Ahmedabad,East,Low,Open,DLP,Page 1 - SOC Overview,Critical Incidents,19,100,-81,SOC Team
2026-03-09,2026-03-24,Energy,Mumbai,Central,Low,Resolved,DLP,Page 1 - SOC Overview,Incident Recurrence Rate,111,100,11,Security Ops
2026-03-09,2026-03-24,Ports,Ahmedabad,North,Critical,Resolved,EDR,Page 2 - Threat Detection,EDR Coverage Rate,104,100,4,Security Ops
2026-03-09,2026-03-24,Data Center,Mundra,East,Low,Resolved,SIEM,Page 2 - Threat Detection,XDR Alert Volume,128,100,28,Security Ops
2026-03-09,2026-03-24,Airports,Mundra,North,Low,Open,IAM,Page 2 - Threat Detection,IOC Match Rate,29,100,-71,Security Ops
2026-03-09,2026-03-24,Data Center,Raipur,South,Medium,Open,Firewall,Page 3 - Vulnerability & Patch,Vulnerability Remediation Rate,46,100,-54,SOC Team
2026-03-09,2026-03-24,Ports,Mundra,East,Low,Open,IAM,Page 3 - Vulnerability & Patch,Scan Coverage Rate,28,100,-72,Security Ops
2026-03-09,2026-03-24,Ports,Mundra,South,Critical,Open,DLP,Page 3 - Vulnerability & Patch,Configuration Drift Incidents,20,100,-80,SOC Team
2026-03-09,2026-03-24,Data Center,Raipur,Central,Medium,Open,SIEM,Page 4 - Identity & Access,Failed Login Rate,34,100,-66,Security Ops
2026-03-09,2026-03-24,Ports,Mundra,Central,Low,Resolved,SIEM,Page 4 - Identity & Access,Third-Party Access Risk Score,103,100,3,Security Ops
2026-03-09,2026-03-24,Data Center,Raipur,East,Critical,Open,DLP,Page 5 - Compliance & Resilience,Audit Findings Open,57,100,-43,Security Ops
2026-03-09,2026-03-24,Ports,Mundra,North,Low,In Progress,Firewall,Page 5 - Compliance & Resilience,Data Loss Prevention (DLP) Incidents,65,100,-35,Security Ops
2026-03-10,2026-03-24,Airports,Raipur,Central,Critical,Resolved,SIEM,Page 1 - SOC Overview,Total Security Incidents,109,100,9,SOC Team
2026-03-10,2026-03-24,Energy,Mumbai,West,Low,Open,DLP,Page 1 - SOC Overview,False Positive Rate,29,100,-71,Security Ops
2026-03-10,2026-03-24,Data Center,Ahmedabad,North,Medium,Open,EDR,Page 2 - Threat Detection,Threats Detected per Day,59,100,-41,Security Ops
2026-03-10,2026-03-24,Energy,Ahmedabad,North,High,Open,EDR,Page 2 - Threat Detection,Ransomware Detection Count,16,100,-84,SOC Team
2026-03-10,2026-03-24,Energy,Ahmedabad,South,High,Resolved,DLP,Page 2 - Threat Detection,IOC Match Rate,102,100,2,SOC Team
2026-03-10,2026-03-24,Data Center,Mumbai,East,Medium,In Progress,EDR,Page 2 - Threat Detection,Anomalous Network Sessions,79,100,-21,SOC Team
2026-03-10,2026-03-24,Energy,Mumbai,South,Medium,In Progress,IAM,Page 3 - Vulnerability & Patch,Critical Vulnerabilities Open,76,100,-24,SOC Team
2026-03-10,2026-03-24,Airports,Mundra,West,Low,Open,Firewall,Page 3 - Vulnerability & Patch,Vulnerability Remediation Rate,12,100,-88,Security Ops
2026-03-10,2026-03-24,Energy,Raipur,North,High,Open,DLP,Page 3 - Vulnerability & Patch,Average Patch Age (Days),26,100,-74,Security Ops
2026-03-10,2026-03-24,Energy,Mumbai,West,Critical,Resolved,IAM,Page 4 - Identity & Access,Password Policy Compliance,109,100,9,SOC Team
2026-03-10,2026-03-24,Airports,Raipur,East,Low,Open,SIEM,Page 4 - Identity & Access,Unauthorized Access Attempts,53,100,-47,SOC Team
2026-03-10,2026-03-24,Data Center,Raipur,North,Medium,In Progress,SIEM,Page 4 - Identity & Access,PAM Session Violations,83,100,-17,SOC Team
2026-03-10,2026-03-24,Airports,Ahmedabad,Central,Low,Resolved,EDR,Page 5 - Compliance & Resilience,Audit Findings Open,112,100,12,SOC Team
2026-03-10,2026-03-24,Ports,Mumbai,East,Low,Open,DLP,Page 5 - Compliance & Resilience,Data Loss Prevention (DLP) Incidents,14,100,-86,Security Ops
2026-03-10,2026-03-24,Energy,Ahmedabad,West,Critical,Open,Firewall,Page 5 - Compliance & Resilience,Recovery Time Objective (RTO) Achievement,12,100,-88,Security Ops
2026-03-10,2026-03-24,Airports,Mumbai,Central,Low,Open,SIEM,Page 5 - Compliance & Resilience,Disaster Recovery Drill Score,48,100,-52,SOC Team
2026-03-10,2026-03-24,Data Center,Raipur,West,Critical,Open,SIEM,Page 5 - Compliance & Resilience,Policy Acknowledgement Rate,20,100,-80,SOC Team
2026-03-10,2026-03-24,Data Center,Ahmedabad,West,Low,Resolved,EDR,Page 5 - Compliance & Resilience,Security Awareness Training Completion,130,100,30,Security Ops
2026-03-11,2026-03-24,Ports,Mumbai,North,Medium,Resolved,DLP,Page 1 - SOC Overview,Critical Incidents,99,100,-1,SOC Team
2026-03-11,2026-03-24,Data Center,Raipur,West,Critical,Open,EDR,Page 1 - SOC Overview,Open High-Risk Alerts,32,100,-68,Security Ops
2026-03-11,2026-03-24,Energy,Ahmedabad,North,Low,Open,SIEM,Page 1 - SOC Overview,Incident Recurrence Rate,44,100,-56,Security Ops
2026-03-11,2026-03-24,Ports,Mumbai,West,High,Open,IAM,Page 1 - SOC Overview,SOC Analyst Utilization,12,100,-88,SOC Team
2026-03-11,2026-03-24,Ports,Mundra,Central,High,Open,EDR,Page 2 - Threat Detection,Threats Detected per Day,44,100,-56,SOC Team
2026-03-11,2026-03-24,Data Center,Raipur,North,Low,Resolved,Firewall,Page 2 - Threat Detection,Blocked Malware Attempts,107,100,7,SOC Team
2026-03-11,2026-03-24,Ports,Ahmedabad,South,High,In Progress,IAM,Page 2 - Threat Detection,IOC Match Rate,73,100,-27,SOC Team
2026-03-11,2026-03-24,Data Center,Mumbai,South,High,Open,SIEM,Page 2 - Threat Detection,Anomalous Network Sessions,24,100,-76,Security Ops
2026-03-11,2026-03-24,Energy,Mumbai,Central,Critical,Open,DLP,Page 3 - Vulnerability & Patch,High Vulnerabilities Open,54,100,-46,Security Ops
2026-03-11,2026-03-24,Ports,Raipur,East,High,Open,SIEM,Page 3 - Vulnerability & Patch,Vulnerability Remediation Rate,20,100,-80,SOC Team
2026-03-11,2026-03-24,Airports,Raipur,West,Medium,Open,SIEM,Page 3 - Vulnerability & Patch,Internet-Facing Asset Risk Score,20,100,-80,SOC Team
2026-03-11,2026-03-24,Airports,Ahmedabad,West,Low,Resolved,IAM,Page 3 - Vulnerability & Patch,CVSS Weighted Exposure,102,100,2,SOC Team
2026-03-11,2026-03-24,Data Center,Mundra,West,Low,Open,Firewall,Page 3 - Vulnerability & Patch,Scan Coverage Rate,52,100,-48,Security Ops
2026-03-11,2026-03-24,Energy,Raipur,Central,Low,Open,IAM,Page 4 - Identity & Access,MFA Adoption Rate,62,100,-38,SOC Team
2026-03-11,2026-03-24,Energy,Raipur,South,Low,Resolved,SIEM,Page 4 - Identity & Access,Privileged Account Count,110,100,10,Security Ops
2026-03-11,2026-03-24,Airports,Ahmedabad,East,Critical,In Progress,Firewall,Page 4 - Identity & Access,Failed Login Rate,77,100,-23,Security Ops
2026-03-11,2026-03-24,Airports,Mundra,East,Critical,Resolved,Firewall,Page 4 - Identity & Access,PAM Session Violations,93,100,-7,SOC Team
2026-03-11,2026-03-24,Ports,Raipur,South,Critical,Open,IAM,Page 4 - Identity & Access,Third-Party Access Risk Score,39,100,-61,SOC Team
2026-03-11,2026-03-24,Ports,Ahmedabad,West,Medium,Open,SIEM,Page 5 - Compliance & Resilience,Recovery Time Objective (RTO) Achievement,26,100,-74,SOC Team
2026-03-11,2026-03-24,Airports,Mumbai,Central,Low,Resolved,IAM,Page 5 - Compliance & Resilience,Disaster Recovery Drill Score,93,100,-7,SOC Team
2026-03-11,2026-03-24,Ports,Mundra,East,Critical,Open,IAM,Page 5 - Compliance & Resilience,Third-Party Compliance Score,61,100,-39,Security Ops
2026-03-12,2026-03-24,Airports,Ahmedabad,East,High,Open,IAM,Page 1 - SOC Overview,Total Security Incidents,36,100,-64,SOC Team
2026-03-12,2026-03-24,Ports,Raipur,Central,Low,Open,IAM,Page 1 - SOC Overview,Critical Incidents,31,100,-69,SOC Team
2026-03-12,2026-03-24,Data Center,Mundra,East,Critical,Open,DLP,Page 1 - SOC Overview,Mean Time to Respond (MTTR),58,100,-42,SOC Team
2026-03-12,2026-03-24,Data Center,Raipur,South,Low,Resolved,SIEM,Page 1 - SOC Overview,False Positive Rate,99,100,-1,SOC Team
2026-03-12,2026-03-24,Airports,Mumbai,East,Critical,Resolved,DLP,Page 1 - SOC Overview,Escalation Rate,94,100,-6,SOC Team
2026-03-12,2026-03-24,Data Center,Mumbai,Central,Critical,Open,SIEM,Page 2 - Threat Detection,IOC Match Rate,43,100,-57,SOC Team
2026-03-12,2026-03-24,Data Center,Ahmedabad,South,Medium,Resolved,Firewall,Page 2 - Threat Detection,Lateral Movement Alerts,98,100,-2,Security Ops
2026-03-12,2026-03-24,Data Center,Mundra,South,Medium,Open,Firewall,Page 3 - Vulnerability & Patch,Critical Vulnerabilities Open,44,100,-56,Security Ops
2026-03-12,2026-03-24,Data Center,Mundra,South,Critical,Open,Firewall,Page 3 - Vulnerability & Patch,Patch Compliance Rate,24,100,-76,SOC Team
2026-03-12,2026-03-24,Data Center,Ahmedabad,West,High,Resolved,DLP,Page 3 - Vulnerability & Patch,Average Patch Age (Days),101,100,1,Security Ops
2026-03-12,2026-03-24,Data Center,Raipur,North,Medium,Resolved,DLP,Page 3 - Vulnerability & Patch,CVSS Weighted Exposure,90,100,-10,SOC Team
2026-03-12,2026-03-24,Ports,Ahmedabad,West,High,Open,DLP,Page 4 - Identity & Access,MFA Adoption Rate,64,100,-36,Security Ops
2026-03-12,2026-03-24,Energy,Ahmedabad,West,Low,In Progress,IAM,Page 4 - Identity & Access,PAM Session Violations,86,100,-14,Security Ops
2026-03-12,2026-03-24,Data Center,Raipur,North,Critical,In Progress,IAM,Page 5 - Compliance & Resilience,Compliance Controls Pass Rate,87,100,-13,Security Ops
2026-03-12,2026-03-24,Energy,Raipur,Central,High,Open,Firewall,Page 5 - Compliance & Resilience,Audit Findings Open,49,100,-51,SOC Team
2026-03-12,2026-03-24,Airports,Mundra,North,Low,Open,IAM,Page 5 - Compliance & Resilience,Data Loss Prevention (DLP) Incidents,57,100,-43,SOC Team
2026-03-12,2026-03-24,Ports,Mumbai,North,Low,In Progress,EDR,Page 5 - Compliance & Resilience,Recovery Time Objective (RTO) Achievement,69,100,-31,SOC Team
2026-03-12,2026-03-24,Data Center,Mumbai,Central,Critical,Open,EDR,Page 5 - Compliance & Resilience,Third-Party Compliance Score,48,100,-52,Security Ops
2026-03-13,2026-03-24,Data Center,Ahmedabad,Central,High,Resolved,SIEM,Page 1 - SOC Overview,Mean Time to Respond (MTTR),105,100,5,Security Ops
2026-03-13,2026-03-24,Airports,Raipur,East,Medium,Open,SIEM,Page 1 - SOC Overview,Open High-Risk Alerts,57,100,-43,Security Ops
2026-03-13,2026-03-24,Ports,Ahmedabad,South,Medium,Resolved,SIEM,Page 1 - SOC Overview,False Positive Rate,95,100,-5,SOC Team
2026-03-13,2026-03-24,Ports,Raipur,East,Critical,Resolved,Firewall,Page 1 - SOC Overview,Incident Recurrence Rate,123,100,23,Security Ops
2026-03-13,2026-03-24,Ports,Mumbai,North,Low,Open,Firewall,Page 2 - Threat Detection,Threats Detected per Day,18,100,-82,Security Ops
2026-03-13,2026-03-24,Energy,Mundra,Central,Low,Resolved,EDR,Page 2 - Threat Detection,Phishing Detection Count,93,100,-7,SOC Team
2026-03-13,2026-03-24,Airports,Raipur,North,Critical,Open,SIEM,Page 2 - Threat Detection,XDR Alert Volume,30,100,-70,SOC Team
2026-03-13,2026-03-24,Ports,Ahmedabad,West,Low,Resolved,IAM,Page 2 - Threat Detection,Suspicious Login Attempts,122,100,22,Security Ops
2026-03-13,2026-03-24,Ports,Ahmedabad,South,Medium,Resolved,EDR,Page 2 - Threat Detection,Anomalous Network Sessions,117,100,17,SOC Team
2026-03-13,2026-03-24,Energy,Raipur,West,High,Open,DLP,Page 3 - Vulnerability & Patch,Internet-Facing Asset Risk Score,21,100,-79,SOC Team
2026-03-13,2026-03-24,Ports,Raipur,East,Critical,Resolved,DLP,Page 3 - Vulnerability & Patch,Scan Coverage Rate,96,100,-4,SOC Team
2026-03-13,2026-03-24,Airports,Mundra,East,High,Resolved,Firewall,Page 3 - Vulnerability & Patch,Configuration Drift Incidents,110,100,10,SOC Team
2026-03-13,2026-03-24,Airports,Mundra,East,Critical,In Progress,DLP,Page 4 - Identity & Access,Privileged Account Count,71,100,-29,Security Ops
2026-03-13,2026-03-24,Data Center,Mumbai,East,High,Resolved,SIEM,Page 4 - Identity & Access,Dormant Account Count,112,100,12,Security Ops
2026-03-13,2026-03-24,Airports,Raipur,West,High,Resolved,SIEM,Page 4 - Identity & Access,Access Review Completion Rate,125,100,25,SOC Team
2026-03-13,2026-03-24,Data Center,Raipur,East,Medium,Resolved,SIEM,Page 5 - Compliance & Resilience,Data Loss Prevention (DLP) Incidents,113,100,13,SOC Team
2026-03-13,2026-03-24,Energy,Raipur,West,Medium,In Progress,SIEM,Page 5 - Compliance & Resilience,Backup Success Rate,78,100,-22,Security Ops
2026-03-13,2026-03-24,Data Center,Mundra,West,High,Open,DLP,Page 5 - Compliance & Resilience,Disaster Recovery Drill Score,60,100,-40,Security Ops
2026-03-13,2026-03-24,Energy,Mumbai,East,High,Open,Firewall,Page 5 - Compliance & Resilience,Security Awareness Training Completion,39,100,-61,Security Ops
2026-03-14,2026-03-24,Energy,Raipur,East,Medium,Open,DLP,Page 1 - SOC Overview,Total Security Incidents,50,100,-50,SOC Team
2026-03-14,2026-03-24,Data Center,Mumbai,East,Low,Open,DLP,Page 1 - SOC Overview,Mean Time to Respond (MTTR),34,100,-66,SOC Team
2026-03-14,2026-03-24,Data Center,Mundra,East,High,Open,SIEM,Page 1 - SOC Overview,SLA Compliance Rate,64,100,-36,Security Ops
2026-03-14,2026-03-24,Energy,Raipur,West,Low,Resolved,EDR,Page 1 - SOC Overview,Open High-Risk Alerts,126,100,26,Security Ops
2026-03-14,2026-03-24,Ports,Mundra,South,Medium,Resolved,SIEM,Page 1 - SOC Overview,False Positive Rate,128,100,28,SOC Team
2026-03-14,2026-03-24,Data Center,Mumbai,Central,Critical,Open,Firewall,Page 1 - SOC Overview,Escalation Rate,17,100,-83,Security Ops
2026-03-14,2026-03-24,Ports,Mumbai,West,Critical,Open,IAM,Page 2 - Threat Detection,Threats Detected per Day,17,100,-83,Security Ops
2026-03-14,2026-03-24,Ports,Ahmedabad,North,Low,Resolved,SIEM,Page 2 - Threat Detection,Blocked Malware Attempts,108,100,8,Security Ops
2026-03-14,2026-03-24,Airports,Mumbai,Central,Low,Resolved,SIEM,Page 2 - Threat Detection,Ransomware Detection Count,130,100,30,Security Ops
2026-03-14,2026-03-24,Airports,Mundra,South,Critical,In Progress,SIEM,Page 2 - Threat Detection,XDR Alert Volume,83,100,-17,SOC Team
2026-03-14,2026-03-24,Airports,Mumbai,East,Critical,Open,IAM,Page 2 - Threat Detection,IOC Match Rate,37,100,-63,Security Ops
2026-03-14,2026-03-24,Airports,Ahmedabad,North,Critical,In Progress,SIEM,Page 2 - Threat Detection,Anomalous Network Sessions,73,100,-27,SOC Team
2026-03-14,2026-03-24,Ports,Raipur,South,Medium,Open,IAM,Page 3 - Vulnerability & Patch,High Vulnerabilities Open,53,100,-47,SOC Team
2026-03-14,2026-03-24,Airports,Ahmedabad,East,Medium,Open,SIEM,Page 3 - Vulnerability & Patch,Internet-Facing Asset Risk Score,23,100,-77,SOC Team
2026-03-14,2026-03-24,Ports,Mumbai,South,Critical,In Progress,Firewall,Page 4 - Identity & Access,MFA Adoption Rate,83,100,-17,Security Ops
2026-03-14,2026-03-24,Energy,Mundra,South,High,Resolved,DLP,Page 4 - Identity & Access,Failed Login Rate,117,100,17,SOC Team
2026-03-14,2026-03-24,Data Center,Raipur,North,Critical,Resolved,EDR,Page 4 - Identity & Access,IAM Provisioning SLA,122,100,22,SOC Team
2026-03-14,2026-03-24,Energy,Ahmedabad,West,Critical,Open,DLP,Page 5 - Compliance & Resilience,Compliance Controls Pass Rate,47,100,-53,Security Ops
2026-03-14,2026-03-24,Ports,Mumbai,South,Medium,Resolved,IAM,Page 5 - Compliance & Resilience,Business Continuity Readiness,113,100,13,SOC Team
2026-03-14,2026-03-24,Ports,Mumbai,South,High,In Progress,SIEM,Page 5 - Compliance & Resilience,Third-Party Compliance Score,81,100,-19,SOC Team
2026-03-15,2026-03-24,Ports,Ahmedabad,Central,Critical,In Progress,IAM,Page 1 - SOC Overview,Total Security Incidents,79,100,-21,Security Ops
2026-03-15,2026-03-24,Data Center,Ahmedabad,North,High,Open,DLP,Page 1 - SOC Overview,SLA Compliance Rate,10,100,-90,Security Ops
2026-03-15,2026-03-24,Energy,Mundra,Central,Low,In Progress,Firewall,Page 1 - SOC Overview,Open High-Risk Alerts,73,100,-27,SOC Team
2026-03-15,2026-03-24,Data Center,Mumbai,North,Critical,Resolved,DLP,Page 1 - SOC Overview,SOC Analyst Utilization,120,100,20,SOC Team
2026-03-15,2026-03-24,Data Center,Mundra,West,High,Open,IAM,Page 1 - SOC Overview,Escalation Rate,43,100,-57,Security Ops
2026-03-15,2026-03-24,Data Center,Mundra,North,Low,Open,Firewall,Page 2 - Threat Detection,Threats Detected per Day,53,100,-47,SOC Team
2026-03-15,2026-03-24,Data Center,Mumbai,West,Critical,Open,DLP,Page 2 - Threat Detection,Ransomware Detection Count,22,100,-78,SOC Team
2026-03-15,2026-03-24,Data Center,Ahmedabad,East,Critical,Open,Firewall,Page 2 - Threat Detection,Phishing Detection Count,33,100,-67,Security Ops
2026-03-15,2026-03-24,Ports,Ahmedabad,South,Critical,In Progress,DLP,Page 2 - Threat Detection,XDR Alert Volume,89,100,-11,SOC Team
2026-03-15,2026-03-24,Energy,Mumbai,North,Medium,In Progress,SIEM,Page 2 - Threat Detection,Lateral Movement Alerts,83,100,-17,SOC Team
2026-03-15,2026-03-24,Ports,Mundra,South,Low,Resolved,Firewall,Page 3 - Vulnerability & Patch,High Vulnerabilities Open,104,100,4,SOC Team
2026-03-15,2026-03-24,Ports,Mumbai,South,Critical,Resolved,SIEM,Page 3 - Vulnerability & Patch,Vulnerability Remediation Rate,106,100,6,Security Ops
2026-03-15,2026-03-24,Energy,Mundra,East,Critical,Resolved,IAM,Page 3 - Vulnerability & Patch,Average Patch Age (Days),124,100,24,Security Ops
2026-03-15,2026-03-24,Airports,Mumbai,South,High,Resolved,SIEM,Page 3 - Vulnerability & Patch,Unpatched Endpoint Count,91,100,-9,Security Ops
2026-03-15,2026-03-24,Energy,Mumbai,Central,Critical,Open,DLP,Page 4 - Identity & Access,MFA Adoption Rate,50,100,-50,Security Ops
2026-03-15,2026-03-24,Ports,Mundra,South,Medium,In Progress,EDR,Page 4 - Identity & Access,Dormant Account Count,71,100,-29,Security Ops
2026-03-15,2026-03-24,Data Center,Ahmedabad,East,High,Resolved,EDR,Page 4 - Identity & Access,Failed Login Rate,96,100,-4,Security Ops
2026-03-15,2026-03-24,Airports,Ahmedabad,East,Low,Open,Firewall,Page 4 - Identity & Access,IAM Provisioning SLA,36,100,-64,SOC Team
2026-03-15,2026-03-24,Airports,Mundra,West,High,Open,DLP,Page 4 - Identity & Access,PAM Session Violations,28,100,-72,Security Ops
2026-03-15,2026-03-24,Energy,Raipur,East,Critical,In Progress,DLP,Page 4 - Identity & Access,Third-Party Access Risk Score,74,100,-26,Security Ops
2026-03-15,2026-03-24,Data Center,Raipur,South,High,Open,IAM,Page 5 - Compliance & Resilience,Audit Findings Open,55,100,-45,SOC Team
2026-03-15,2026-03-24,Energy,Ahmedabad,East,Medium,In Progress,DLP,Page 5 - Compliance & Resilience,Backup Success Rate,71,100,-29,SOC Team
2026-03-15,2026-03-24,Airports,Raipur,North,Critical,Open,SIEM,Page 5 - Compliance & Resilience,Recovery Time Objective (RTO) Achievement,35,100,-65,Security Ops
2026-03-15,2026-03-24,Airports,Ahmedabad,North,Medium,In Progress,IAM,Page 5 - Compliance & Resilience,Security Awareness Training Completion,69,100,-31,SOC Team
2026-03-15,2026-03-24,Airports,Ahmedabad,Central,Critical,Resolved,Firewall,Page 5 - Compliance & Resilience,Third-Party Compliance Score,95,100,-5,Security Ops
2026-03-16,2026-03-24,Ports,Ahmedabad,North,Low,Resolved,EDR,Page 1 - SOC Overview,SLA Compliance Rate,95,100,-5,Security Ops
2026-03-16,2026-03-24,Data Center,Raipur,East,Medium,In Progress,Firewall,Page 1 - SOC Overview,Incident Recurrence Rate,89,100,-11,Security Ops
2026-03-16,2026-03-24,Airports,Mumbai,East,Critical,Resolved,Firewall,Page 1 - SOC Overview,SOC Analyst Utilization,94,100,-6,SOC Team
2026-03-16,2026-03-24,Airports,Raipur,South,Low,Open,Firewall,Page 2 - Threat Detection,Threats Detected per Day,11,100,-89,Security Ops
2026-03-16,2026-03-24,Ports,Ahmedabad,North,High,Open,SIEM,Page 2 - Threat Detection,Blocked Malware Attempts,51,100,-49,SOC Team
2026-03-16,2026-03-24,Airports,Raipur,Central,Medium,Open,DLP,Page 3 - Vulnerability & Patch,Vulnerability Remediation Rate,37,100,-63,SOC Team
2026-03-16,2026-03-24,Energy,Mundra,North,Low,Open,SIEM,Page 3 - Vulnerability & Patch,Internet-Facing Asset Risk Score,55,100,-45,SOC Team
2026-03-16,2026-03-24,Ports,Ahmedabad,East,Medium,Open,IAM,Page 3 - Vulnerability & Patch,Unpatched Endpoint Count,50,100,-50,Security Ops
2026-03-16,2026-03-24,Airports,Raipur,South,Medium,Resolved,EDR,Page 3 - Vulnerability & Patch,Configuration Drift Incidents,107,100,7,Security Ops
2026-03-16,2026-03-24,Airports,Mumbai,Central,Low,Resolved,DLP,Page 4 - Identity & Access,Privileged Account Count,98,100,-2,SOC Team
2026-03-16,2026-03-24,Data Center,Raipur,East,Critical,Open,Firewall,Page 4 - Identity & Access,Failed Login Rate,60,100,-40,Security Ops
2026-03-16,2026-03-24,Ports,Ahmedabad,North,Medium,In Progress,EDR,Page 4 - Identity & Access,Unauthorized Access Attempts,77,100,-23,SOC Team
2026-03-16,2026-03-24,Airports,Mundra,North,High,Open,SIEM,Page 5 - Compliance & Resilience,Audit Findings Open,46,100,-54,SOC Team
2026-03-16,2026-03-24,Data Center,Raipur,Central,Critical,Resolved,SIEM,Page 5 - Compliance & Resilience,Data Loss Prevention (DLP) Incidents,113,100,13,SOC Team
2026-03-16,2026-03-24,Airports,Mundra,South,Medium,Open,IAM,Page 5 - Compliance & Resilience,Business Continuity Readiness,64,100,-36,SOC Team
2026-03-16,2026-03-24,Airports,Raipur,Central,Low,In Progress,EDR,Page 5 - Compliance & Resilience,Security Awareness Training Completion,72,100,-28,Security Ops
2026-03-16,2026-03-24,Data Center,Ahmedabad,South,Critical,Open,Firewall,Page 5 - Compliance & Resilience,Third-Party Compliance Score,57,100,-43,Security Ops
2026-03-17,2026-03-24,Airports,Raipur,South,Medium,Open,SIEM,Page 1 - SOC Overview,Total Security Incidents,34,100,-66,SOC Team
2026-03-17,2026-03-24,Energy,Mundra,Central,High,Open,Firewall,Page 1 - SOC Overview,Critical Incidents,57,100,-43,SOC Team
2026-03-17,2026-03-24,Ports,Raipur,Central,Medium,Open,DLP,Page 1 - SOC Overview,False Positive Rate,46,100,-54,SOC Team
2026-03-17,2026-03-24,Energy,Mumbai,East,Low,Open,SIEM,Page 1 - SOC Overview,Incident Recurrence Rate,41,100,-59,SOC Team
2026-03-17,2026-03-24,Data Center,Mumbai,East,Low,In Progress,IAM,Page 1 - SOC Overview,Escalation Rate,74,100,-26,SOC Team
2026-03-17,2026-03-24,Airports,Ahmedabad,Central,High,Resolved,EDR,Page 2 - Threat Detection,Ransomware Detection Count,121,100,21,Security Ops
2026-03-17,2026-03-24,Data Center,Mumbai,West,Low,Open,IAM,Page 2 - Threat Detection,Phishing Detection Count,64,100,-36,SOC Team
2026-03-17,2026-03-24,Data Center,Raipur,South,Medium,Open,DLP,Page 2 - Threat Detection,XDR Alert Volume,52,100,-48,Security Ops
2026-03-17,2026-03-24,Ports,Mundra,South,Low,Resolved,SIEM,Page 2 - Threat Detection,Lateral Movement Alerts,95,100,-5,SOC Team
2026-03-17,2026-03-24,Airports,Ahmedabad,West,High,Open,SIEM,Page 2 - Threat Detection,Anomalous Network Sessions,16,100,-84,Security Ops
2026-03-17,2026-03-24,Energy,Mundra,Central,High,Open,Firewall,Page 3 - Vulnerability & Patch,Critical Vulnerabilities Open,60,100,-40,Security Ops
2026-03-17,2026-03-24,Ports,Ahmedabad,East,Low,Open,SIEM,Page 3 - Vulnerability & Patch,High Vulnerabilities Open,49,100,-51,Security Ops
2026-03-17,2026-03-24,Airports,Mundra,Central,Critical,Open,Firewall,Page 3 - Vulnerability & Patch,Scan Coverage Rate,11,100,-89,SOC Team
2026-03-17,2026-03-24,Airports,Mundra,Central,Low,Open,Firewall,Page 4 - Identity & Access,Privileged Account Count,19,100,-81,Security Ops
2026-03-17,2026-03-24,Ports,Ahmedabad,South,Critical,Open,SIEM,Page 4 - Identity & Access,Failed Login Rate,21,100,-79,Security Ops
2026-03-17,2026-03-24,Ports,Ahmedabad,North,Critical,Resolved,EDR,Page 4 - Identity & Access,Password Policy Compliance,97,100,-3,Security Ops
2026-03-17,2026-03-24,Energy,Ahmedabad,West,Critical,Resolved,EDR,Page 5 - Compliance & Resilience,Compliance Controls Pass Rate,111,100,11,Security Ops
2026-03-17,2026-03-24,Airports,Mumbai,East,High,Resolved,SIEM,Page 5 - Compliance & Resilience,Disaster Recovery Drill Score,92,100,-8,Security Ops
2026-03-18,2026-03-24,Energy,Ahmedabad,West,High,In Progress,EDR,Page 1 - SOC Overview,Critical Incidents,69,100,-31,Security Ops
2026-03-18,2026-03-24,Energy,Raipur,North,Medium,Resolved,SIEM,Page 1 - SOC Overview,Mean Time to Detect (MTTD),115,100,15,Security Ops
2026-03-18,2026-03-24,Data Center,Ahmedabad,East,Medium,In Progress,EDR,Page 1 - SOC Overview,Incident Recurrence Rate,88,100,-12,SOC Team
2026-03-18,2026-03-24,Ports,Raipur,West,Low,Resolved,Firewall,Page 1 - SOC Overview,Escalation Rate,125,100,25,Security Ops
2026-03-18,2026-03-24,Energy,Mumbai,South,Critical,In Progress,EDR,Page 2 - Threat Detection,Blocked Malware Attempts,65,100,-35,Security Ops
2026-03-18,2026-03-24,Data Center,Mumbai,South,High,Open,IAM,Page 2 - Threat Detection,Suspicious Login Attempts,15,100,-85,Security Ops
2026-03-18,2026-03-24,Ports,Raipur,East,Medium,Resolved,SIEM,Page 3 - Vulnerability & Patch,Vulnerability Remediation Rate,121,100,21,SOC Team
2026-03-18,2026-03-24,Energy,Mundra,East,Critical,Open,IAM,Page 3 - Vulnerability & Patch,Patch Compliance Rate,54,100,-46,Security Ops
2026-03-18,2026-03-24,Airports,Ahmedabad,North,Medium,Open,DLP,Page 3 - Vulnerability & Patch,Average Patch Age (Days),21,100,-79,Security Ops
2026-03-18,2026-03-24,Ports,Mundra,South,Medium,In Progress,IAM,Page 3 - Vulnerability & Patch,Scan Coverage Rate,76,100,-24,Security Ops
2026-03-18,2026-03-24,Airports,Raipur,North,Low,Resolved,Firewall,Page 3 - Vulnerability & Patch,Configuration Drift Incidents,120,100,20,Security Ops
2026-03-18,2026-03-24,Data Center,Mundra,Central,Low,Resolved,DLP,Page 4 - Identity & Access,Failed Login Rate,119,100,19,Security Ops
2026-03-18,2026-03-24,Airports,Raipur,West,Critical,Resolved,SIEM,Page 4 - Identity & Access,Password Policy Compliance,94,100,-6,SOC Team
2026-03-18,2026-03-24,Airports,Raipur,East,Medium,Open,SIEM,Page 4 - Identity & Access,IAM Provisioning SLA,58,100,-42,Security Ops
2026-03-18,2026-03-24,Data Center,Mumbai,West,High,In Progress,DLP,Page 4 - Identity & Access,PAM Session Violations,85,100,-15,SOC Team
2026-03-18,2026-03-24,Airports,Mumbai,South,Medium,Resolved,IAM,Page 4 - Identity & Access,Third-Party Access Risk Score,102,100,2,Security Ops
2026-03-18,2026-03-24,Energy,Mundra,Central,Low,Open,SIEM,Page 5 - Compliance & Resilience,Compliance Controls Pass Rate,19,100,-81,Security Ops
2026-03-18,2026-03-24,Energy,Ahmedabad,West,Medium,Open,Firewall,Page 5 - Compliance & Resilience,Audit Findings Open,47,100,-53,Security Ops
2026-03-18,2026-03-24,Data Center,Mundra,South,High,Open,DLP,Page 5 - Compliance & Resilience,Recovery Time Objective (RTO) Achievement,21,100,-79,Security Ops
2026-03-18,2026-03-24,Airports,Mundra,South,High,Resolved,Firewall,Page 5 - Compliance & Resilience,Business Continuity Readiness,100,100,0,Security Ops
2026-03-18,2026-03-24,Data Center,Mundra,East,High,Resolved,Firewall,Page 5 - Compliance & Resilience,Policy Acknowledgement Rate,128,100,28,SOC Team
2026-03-18,2026-03-24,Data Center,Raipur,North,Critical,Resolved,EDR,Page 5 - Compliance & Resilience,Security Awareness Training Completion,109,100,9,SOC Team
2026-03-18,2026-03-24,Airports,Raipur,Central,Low,Resolved,SIEM,Page 5 - Compliance & Resilience,Third-Party Compliance Score,106,100,6,SOC Team
2026-03-19,2026-03-24,Ports,Ahmedabad,West,Low,Resolved,SIEM,Page 1 - SOC Overview,Critical Incidents,104,100,4,SOC Team
2026-03-19,2026-03-24,Energy,Mumbai,North,Medium,Open,SIEM,Page 1 - SOC Overview,Mean Time to Respond (MTTR),42,100,-58,SOC Team
2026-03-19,2026-03-24,Airports,Mumbai,South,Medium,Resolved,IAM,Page 1 - SOC Overview,SLA Compliance Rate,107,100,7,SOC Team
2026-03-19,2026-03-24,Airports,Mumbai,Central,Critical,Resolved,SIEM,Page 1 - SOC Overview,Open High-Risk Alerts,129,100,29,SOC Team
2026-03-19,2026-03-24,Data Center,Mundra,Central,Critical,Open,Firewall,Page 1 - SOC Overview,Incident Recurrence Rate,22,100,-78,Security Ops
2026-03-19,2026-03-24,Ports,Mundra,East,Low,In Progress,Firewall,Page 1 - SOC Overview,SOC Analyst Utilization,85,100,-15,SOC Team
2026-03-19,2026-03-24,Airports,Mumbai,West,High,Open,EDR,Page 1 - SOC Overview,Escalation Rate,37,100,-63,SOC Team
2026-03-19,2026-03-24,Airports,Mumbai,Central,Critical,In Progress,DLP,Page 2 - Threat Detection,Ransomware Detection Count,69,100,-31,Security Ops
2026-03-19,2026-03-24,Data Center,Raipur,South,Low,Open,SIEM,Page 2 - Threat Detection,EDR Coverage Rate,34,100,-66,Security Ops
2026-03-19,2026-03-24,Energy,Mundra,West,Medium,Resolved,SIEM,Page 2 - Threat Detection,IOC Match Rate,115,100,15,Security Ops
2026-03-19,2026-03-24,Energy,Raipur,West,Medium,In Progress,SIEM,Page 2 - Threat Detection,Lateral Movement Alerts,78,100,-22,Security Ops
2026-03-19,2026-03-24,Ports,Ahmedabad,East,High,Open,IAM,Page 3 - Vulnerability & Patch,Patch Compliance Rate,44,100,-56,Security Ops
2026-03-19,2026-03-24,Airports,Mumbai,North,Medium,In Progress,DLP,Page 3 - Vulnerability & Patch,Average Patch Age (Days),70,100,-30,Security Ops
2026-03-19,2026-03-24,Data Center,Raipur,West,Medium,Resolved,DLP,Page 3 - Vulnerability & Patch,Unpatched Endpoint Count,121,100,21,Security Ops
2026-03-19,2026-03-24,Data Center,Ahmedabad,East,Medium,Resolved,EDR,Page 3 - Vulnerability & Patch,Scan Coverage Rate,108,100,8,SOC Team
2026-03-19,2026-03-24,Energy,Raipur,North,High,In Progress,DLP,Page 3 - Vulnerability & Patch,Configuration Drift Incidents,81,100,-19,SOC Team
2026-03-19,2026-03-24,Data Center,Mumbai,North,Medium,Resolved,DLP,Page 4 - Identity & Access,Dormant Account Count,104,100,4,Security Ops
2026-03-19,2026-03-24,Energy,Ahmedabad,West,Critical,Open,DLP,Page 4 - Identity & Access,Access Review Completion Rate,55,100,-45,Security Ops
2026-03-19,2026-03-24,Data Center,Mumbai,South,Critical,Resolved,DLP,Page 5 - Compliance & Resilience,Compliance Controls Pass Rate,103,100,3,SOC Team
2026-03-19,2026-03-24,Data Center,Mumbai,Central,Medium,Resolved,DLP,Page 5 - Compliance & Resilience,Audit Findings Open,92,100,-8,Security Ops
2026-03-19,2026-03-24,Ports,Ahmedabad,North,High,In Progress,EDR,Page 5 - Compliance & Resilience,Data Loss Prevention (DLP) Incidents,69,100,-31,SOC Team
2026-03-19,2026-03-24,Ports,Ahmedabad,North,Critical,In Progress,SIEM,Page 5 - Compliance & Resilience,Recovery Time Objective (RTO) Achievement,75,100,-25,SOC Team
2026-03-19,2026-03-24,Airports,Mumbai,North,High,Open,EDR,Page 5 - Compliance & Resilience,Disaster Recovery Drill Score,47,100,-53,SOC Team
2026-03-19,2026-03-24,Ports,Mundra,South,Medium,In Progress,Firewall,Page 5 - Compliance & Resilience,Business Continuity Readiness,72,100,-28,SOC Team
2026-03-19,2026-03-24,Ports,Ahmedabad,South,Low,Resolved,DLP,Page 5 - Compliance & Resilience,Policy Acknowledgement Rate,129,100,29,Security Ops
2026-03-19,2026-03-24,Energy,Raipur,East,Critical,Open,DLP,Page 5 - Compliance & Resilience,Security Awareness Training Completion,38,100,-62,SOC Team
2026-03-20,2026-03-24,Energy,Raipur,East,Critical,Resolved,Firewall,Page 1 - SOC Overview,Total Security Incidents,117,100,17,Security Ops
2026-03-20,2026-03-24,Data Center,Mumbai,West,Critical,In Progress,EDR,Page 1 - SOC Overview,Mean Time to Detect (MTTD),77,100,-23,SOC Team
2026-03-20,2026-03-24,Ports,Raipur,Central,Medium,Resolved,IAM,Page 1 - SOC Overview,Open High-Risk Alerts,124,100,24,SOC Team
2026-03-20,2026-03-24,Airports,Ahmedabad,South,Low,Resolved,EDR,Page 2 - Threat Detection,Phishing Detection Count,102,100,2,Security Ops
2026-03-20,2026-03-24,Energy,Raipur,South,High,In Progress,EDR,Page 2 - Threat Detection,EDR Coverage Rate,72,100,-28,SOC Team
2026-03-20,2026-03-24,Airports,Mundra,East,High,Open,DLP,Page 2 - Threat Detection,XDR Alert Volume,55,100,-45,Security Ops
2026-03-20,2026-03-24,Data Center,Mundra,East,Low,Open,SIEM,Page 2 - Threat Detection,Suspicious Login Attempts,10,100,-90,SOC Team
2026-03-20,2026-03-24,Energy,Ahmedabad,West,Medium,In Progress,DLP,Page 3 - Vulnerability & Patch,Unpatched Endpoint Count,86,100,-14,SOC Team
2026-03-20,2026-03-24,Energy,Mundra,West,Critical,In Progress,EDR,Page 3 - Vulnerability & Patch,CVSS Weighted Exposure,83,100,-17,Security Ops
2026-03-20,2026-03-24,Energy,Ahmedabad,West,Critical,In Progress,Firewall,Page 4 - Identity & Access,Privileged Account Count,68,100,-32,SOC Team
2026-03-20,2026-03-24,Airports,Raipur,Central,Medium,Resolved,IAM,Page 4 - Identity & Access,Dormant Account Count,108,100,8,Security Ops
2026-03-20,2026-03-24,Data Center,Mundra,North,Low,In Progress,EDR,Page 4 - Identity & Access,Failed Login Rate,80,100,-20,Security Ops
2026-03-20,2026-03-24,Airports,Ahmedabad,South,Medium,Resolved,DLP,Page 4 - Identity & Access,Unauthorized Access Attempts,105,100,5,Security Ops
2026-03-20,2026-03-24,Energy,Ahmedabad,West,High,Open,IAM,Page 4 - Identity & Access,IAM Provisioning SLA,19,100,-81,SOC Team
2026-03-20,2026-03-24,Ports,Mumbai,South,Low,Open,Firewall,Page 4 - Identity & Access,PAM Session Violations,34,100,-66,Security Ops
2026-03-20,2026-03-24,Airports,Mundra,North,High,Resolved,IAM,Page 5 - Compliance & Resilience,Recovery Time Objective (RTO) Achievement,104,100,4,Security Ops
2026-03-20,2026-03-24,Energy,Mumbai,South,Medium,In Progress,DLP,Page 5 - Compliance & Resilience,Business Continuity Readiness,71,100,-29,Security Ops
2026-03-20,2026-03-24,Data Center,Mumbai,Central,Critical,Open,DLP,Page 5 - Compliance & Resilience,Policy Acknowledgement Rate,33,100,-67,Security Ops
2026-03-21,2026-03-24,Data Center,Mumbai,East,High,Open,EDR,Page 1 - SOC Overview,Critical Incidents,19,100,-81,SOC Team
2026-03-21,2026-03-24,Airports,Raipur,North,High,Open,Firewall,Page 1 - SOC Overview,Mean Time to Detect (MTTD),47,100,-53,SOC Team
2026-03-21,2026-03-24,Airports,Mundra,West,Low,Open,Firewall,Page 1 - SOC Overview,SLA Compliance Rate,18,100,-82,Security Ops
2026-03-21,2026-03-24,Ports,Mumbai,South,Critical,In Progress,Firewall,Page 1 - SOC Overview,Open High-Risk Alerts,83,100,-17,Security Ops
2026-03-21,2026-03-24,Data Center,Mumbai,North,Low,Resolved,IAM,Page 1 - SOC Overview,False Positive Rate,112,100,12,SOC Team
2026-03-21,2026-03-24,Airports,Mundra,West,Low,Resolved,Firewall,Page 1 - SOC Overview,SOC Analyst Utilization,94,100,-6,Security Ops
2026-03-21,2026-03-24,Ports,Raipur,East,Low,Open,SIEM,Page 2 - Threat Detection,Blocked Malware Attempts,62,100,-38,Security Ops
2026-03-21,2026-03-24,Ports,Mundra,South,Low,Resolved,EDR,Page 2 - Threat Detection,Ransomware Detection Count,114,100,14,Security Ops
2026-03-21,2026-03-24,Energy,Raipur,Central,High,Resolved,Firewall,Page 2 - Threat Detection,Phishing Detection Count,102,100,2,SOC Team
2026-03-21,2026-03-24,Airports,Mundra,East,Critical,Resolved,EDR,Page 2 - Threat Detection,XDR Alert Volume,103,100,3,SOC Team
2026-03-21,2026-03-24,Airports,Mundra,North,Critical,Resolved,EDR,Page 2 - Threat Detection,Lateral Movement Alerts,94,100,-6,SOC Team
2026-03-21,2026-03-24,Data Center,Raipur,West,High,Open,IAM,Page 3 - Vulnerability & Patch,Patch Compliance Rate,63,100,-37,SOC Team
2026-03-21,2026-03-24,Energy,Raipur,Central,Medium,Resolved,DLP,Page 3 - Vulnerability & Patch,Average Patch Age (Days),127,100,27,SOC Team
2026-03-21,2026-03-24,Airports,Ahmedabad,West,Low,Resolved,Firewall,Page 3 - Vulnerability & Patch,Internet-Facing Asset Risk Score,105,100,5,Security Ops
2026-03-21,2026-03-24,Airports,Ahmedabad,West,Critical,In Progress,EDR,Page 3 - Vulnerability & Patch,CVSS Weighted Exposure,70,100,-30,SOC Team
2026-03-21,2026-03-24,Energy,Ahmedabad,West,High,Open,Firewall,Page 3 - Vulnerability & Patch,Scan Coverage Rate,23,100,-77,Security Ops
2026-03-21,2026-03-24,Airports,Ahmedabad,East,High,Open,IAM,Page 4 - Identity & Access,MFA Adoption Rate,55,100,-45,Security Ops
2026-03-21,2026-03-24,Ports,Mumbai,North,High,Open,Firewall,Page 4 - Identity & Access,Password Policy Compliance,37,100,-63,SOC Team
2026-03-21,2026-03-24,Ports,Mundra,North,High,Open,Firewall,Page 4 - Identity & Access,IAM Provisioning SLA,50,100,-50,SOC Team
2026-03-21,2026-03-24,Data Center,Mundra,Central,Critical,In Progress,EDR,Page 5 - Compliance & Resilience,Recovery Time Objective (RTO) Achievement,87,100,-13,SOC Team
2026-03-21,2026-03-24,Airports,Ahmedabad,South,Critical,Open,DLP,Page 5 - Compliance & Resilience,Disaster Recovery Drill Score,55,100,-45,SOC Team
2026-03-21,2026-03-24,Energy,Ahmedabad,Central,Medium,Open,EDR,Page 5 - Compliance & Resilience,Policy Acknowledgement Rate,49,100,-51,SOC Team
2026-03-21,2026-03-24,Ports,Mumbai,North,High,In Progress,IAM,Page 5 - Compliance & Resilience,Third-Party Compliance Score,79,100,-21,Security Ops
2026-03-22,2026-03-24,Data Center,Ahmedabad,North,Medium,In Progress,Firewall,Page 1 - SOC Overview,Mean Time to Respond (MTTR),89,100,-11,SOC Team
2026-03-22,2026-03-24,Data Center,Ahmedabad,East,Low,Open,Firewall,Page 1 - SOC Overview,SLA Compliance Rate,45,100,-55,Security Ops
2026-03-22,2026-03-24,Airports,Mundra,North,Low,Open,EDR,Page 1 - SOC Overview,False Positive Rate,35,100,-65,Security Ops
2026-03-22,2026-03-24,Energy,Raipur,West,Low,Resolved,IAM,Page 1 - SOC Overview,SOC Analyst Utilization,116,100,16,Security Ops
2026-03-22,2026-03-24,Energy,Raipur,East,High,Resolved,IAM,Page 1 - SOC Overview,Escalation Rate,94,100,-6,SOC Team
2026-03-22,2026-03-24,Airports,Mumbai,South,Critical,Resolved,IAM,Page 2 - Threat Detection,Ransomware Detection Count,96,100,-4,Security Ops
2026-03-22,2026-03-24,Energy,Ahmedabad,East,High,Resolved,IAM,Page 2 - Threat Detection,EDR Coverage Rate,117,100,17,SOC Team
2026-03-22,2026-03-24,Airports,Mundra,Central,Critical,Resolved,IAM,Page 2 - Threat Detection,XDR Alert Volume,101,100,1,SOC Team
2026-03-22,2026-03-24,Energy,Raipur,Central,Low,Resolved,EDR,Page 2 - Threat Detection,Suspicious Login Attempts,119,100,19,Security Ops
2026-03-22,2026-03-24,Ports,Mumbai,East,Critical,Resolved,Firewall,Page 3 - Vulnerability & Patch,Vulnerability Remediation Rate,107,100,7,SOC Team
2026-03-22,2026-03-24,Energy,Mumbai,East,Critical,Resolved,SIEM,Page 3 - Vulnerability & Patch,CVSS Weighted Exposure,126,100,26,Security Ops
2026-03-22,2026-03-24,Energy,Mundra,East,Medium,Open,EDR,Page 3 - Vulnerability & Patch,Configuration Drift Incidents,14,100,-86,SOC Team
2026-03-22,2026-03-24,Airports,Raipur,East,High,Resolved,EDR,Page 4 - Identity & Access,Failed Login Rate,114,100,14,SOC Team
2026-03-22,2026-03-24,Airports,Mundra,South,High,Resolved,DLP,Page 4 - Identity & Access,Third-Party Access Risk Score,95,100,-5,SOC Team
2026-03-22,2026-03-24,Energy,Mumbai,West,Medium,In Progress,SIEM,Page 5 - Compliance & Resilience,Compliance Controls Pass Rate,86,100,-14,SOC Team
2026-03-22,2026-03-24,Data Center,Mumbai,Central,Critical,Open,EDR,Page 5 - Compliance & Resilience,Data Loss Prevention (DLP) Incidents,56,100,-44,Security Ops
2026-03-22,2026-03-24,Airports,Mundra,North,High,Open,IAM,Page 5 - Compliance & Resilience,Backup Success Rate,28,100,-72,SOC Team
2026-03-22,2026-03-24,Data Center,Raipur,West,High,Resolved,DLP,Page 5 - Compliance & Resilience,Disaster Recovery Drill Score,99,100,-1,SOC Team
2026-03-22,2026-03-24,Energy,Raipur,Central,Medium,Open,EDR,Page 5 - Compliance & Resilience,Business Continuity Readiness,38,100,-62,Security Ops
2026-03-22,2026-03-24,Data Center,Raipur,West,Medium,Open,EDR,Page 5 - Compliance & Resilience,Policy Acknowledgement Rate,52,100,-48,SOC Team
2026-03-22,2026-03-24,Airports,Mundra,West,Low,Open,IAM,Page 5 - Compliance & Resilience,Third-Party Compliance Score,14,100,-86,Security Ops
2026-03-23,2026-03-24,Data Center,Raipur,West,Critical,In Progress,IAM,Page 1 - SOC Overview,Total Security Incidents,67,100,-33,Security Ops
2026-03-23,2026-03-24,Airports,Ahmedabad,West,High,Resolved,SIEM,Page 1 - SOC Overview,Mean Time to Respond (MTTR),116,100,16,Security Ops
2026-03-23,2026-03-24,Data Center,Raipur,Central,Medium,Resolved,Firewall,Page 1 - SOC Overview,Open High-Risk Alerts,118,100,18,Security Ops
2026-03-23,2026-03-24,Energy,Mundra,East,Low,In Progress,IAM,Page 1 - SOC Overview,Incident Recurrence Rate,85,100,-15,Security Ops
2026-03-23,2026-03-24,Ports,Ahmedabad,East,Low,Open,DLP,Page 2 - Threat Detection,Threats Detected per Day,47,100,-53,Security Ops
2026-03-23,2026-03-24,Energy,Mundra,South,Low,Resolved,DLP,Page 2 - Threat Detection,Blocked Malware Attempts,128,100,28,SOC Team
2026-03-23,2026-03-24,Ports,Mumbai,South,Medium,In Progress,SIEM,Page 2 - Threat Detection,Ransomware Detection Count,70,100,-30,SOC Team
2026-03-23,2026-03-24,Airports,Raipur,Central,Low,In Progress,EDR,Page 2 - Threat Detection,XDR Alert Volume,84,100,-16,Security Ops
2026-03-23,2026-03-24,Airports,Ahmedabad,South,Critical,Open,DLP,Page 2 - Threat Detection,IOC Match Rate,37,100,-63,SOC Team
2026-03-23,2026-03-24,Energy,Raipur,East,Low,In Progress,EDR,Page 3 - Vulnerability & Patch,Critical Vulnerabilities Open,79,100,-21,Security Ops
2026-03-23,2026-03-24,Data Center,Mumbai,East,Low,Open,IAM,Page 3 - Vulnerability & Patch,High Vulnerabilities Open,20,100,-80,Security Ops
2026-03-23,2026-03-24,Airports,Ahmedabad,East,Critical,Open,EDR,Page 3 - Vulnerability & Patch,Unpatched Endpoint Count,13,100,-87,SOC Team
2026-03-23,2026-03-24,Airports,Ahmedabad,North,Low,In Progress,EDR,Page 3 - Vulnerability & Patch,Configuration Drift Incidents,66,100,-34,SOC Team
2026-03-23,2026-03-24,Energy,Mumbai,North,Low,Open,IAM,Page 4 - Identity & Access,Password Policy Compliance,21,100,-79,Security Ops
2026-03-23,2026-03-24,Energy,Mundra,East,Low,Open,DLP,Page 4 - Identity & Access,IAM Provisioning SLA,50,100,-50,SOC Team
2026-03-23,2026-03-24,Airports,Ahmedabad,South,Low,Resolved,DLP,Page 4 - Identity & Access,PAM Session Violations,114,100,14,SOC Team
2026-03-23,2026-03-24,Ports,Mundra,South,High,Open,SIEM,Page 5 - Compliance & Resilience,Disaster Recovery Drill Score,52,100,-48,Security Ops
2026-03-23,2026-03-24,Airports,Mumbai,South,High,Open,IAM,Page 5 - Compliance & Resilience,Policy Acknowledgement Rate,56,100,-44,Security Ops
2026-03-23,2026-03-24,Airports,Mumbai,North,Medium,Open,DLP,Page 5 - Compliance & Resilience,Security Awareness Training Completion,19,100,-81,SOC Team
2026-03-24,2026-03-24,Ports,Raipur,South,Low,Open,DLP,Page 1 - SOC Overview,Total Security Incidents,40,100,-60,Security Ops
2026-03-24,2026-03-24,Energy,Mumbai,East,Low,Open,EDR,Page 1 - SOC Overview,Critical Incidents,52,100,-48,Security Ops
2026-03-24,2026-03-24,Airports,Ahmedabad,South,High,Open,Firewall,Page 1 - SOC Overview,Mean Time to Respond (MTTR),58,100,-42,Security Ops
2026-03-24,2026-03-24,Airports,Raipur,South,Medium,Resolved,EDR,Page 1 - SOC Overview,Open High-Risk Alerts,90,100,-10,SOC Team
2026-03-24,2026-03-24,Energy,Mundra,East,Low,Open,Firewall,Page 1 - SOC Overview,Incident Recurrence Rate,12,100,-88,Security Ops
2026-03-24,2026-03-24,Energy,Raipur,North,High,Open,Firewall,Page 1 - SOC Overview,SOC Analyst Utilization,24,100,-76,SOC Team
2026-03-24,2026-03-24,Energy,Mumbai,South,Low,In Progress,EDR,Page 1 - SOC Overview,Escalation Rate,69,100,-31,SOC Team
2026-03-24,2026-03-24,Energy,Ahmedabad,East,Low,Resolved,IAM,Page 2 - Threat Detection,Threats Detected per Day,118,100,18,SOC Team
2026-03-24,2026-03-24,Airports,Mundra,West,Medium,Open,DLP,Page 2 - Threat Detection,Phishing Detection Count,37,100,-63,Security Ops
2026-03-24,2026-03-24,Energy,Ahmedabad,Central,Medium,In Progress,IAM,Page 2 - Threat Detection,XDR Alert Volume,83,100,-17,Security Ops
2026-03-24,2026-03-24,Airports,Mumbai,East,High,Open,DLP,Page 3 - Vulnerability & Patch,Patch Compliance Rate,54,100,-46,SOC Team
2026-03-24,2026-03-24,Airports,Ahmedabad,East,High,Resolved,EDR,Page 3 - Vulnerability & Patch,Average Patch Age (Days),90,100,-10,Security Ops
2026-03-24,2026-03-24,Energy,Ahmedabad,East,Critical,Open,Firewall,Page 3 - Vulnerability & Patch,Scan Coverage Rate,42,100,-58,Security Ops
2026-03-24,2026-03-24,Energy,Mumbai,West,Medium,Resolved,IAM,Page 3 - Vulnerability & Patch,Configuration Drift Incidents,118,100,18,Security Ops
2026-03-24,2026-03-24,Energy,Ahmedabad,North,Low,In Progress,IAM,Page 4 - Identity & Access,MFA Adoption Rate,71,100,-29,SOC Team
2026-03-24,2026-03-24,Ports,Mumbai,South,Critical,Open,SIEM,Page 4 - Identity & Access,Privileged Account Count,31,100,-69,SOC Team
2026-03-24,2026-03-24,Data Center,Ahmedabad,North,Medium,Open,EDR,Page 4 - Identity & Access,Dormant Account Count,27,100,-73,SOC Team
2026-03-24,2026-03-24,Energy,Mundra,West,Low,Open,Firewall,Page 4 - Identity & Access,Failed Login Rate,14,100,-86,SOC Team
2026-03-24,2026-03-24,Energy,Mundra,Central,Medium,Open,Firewall,Page 4 - Identity & Access,IAM Provisioning SLA,32,100,-68,Security Ops
2026-03-24,2026-03-24,Data Center,Mumbai,East,High,Open,IAM,Page 5 - Compliance & Resilience,Audit Findings Open,14,100,-86,SOC Team
2026-03-24,2026-03-24,Data Center,Mumbai,West,High,Resolved,IAM,Page 5 - Compliance & Resilience,Recovery Time Objective (RTO) Achievement,92,100,-8,Security Ops
2026-03-24,2026-03-24,Ports,Raipur,North,Medium,In Progress,SIEM,Page 5 - Compliance & Resilience,Disaster Recovery Drill Score,69,100,-31,SOC Team
2026-03-24,2026-03-24,Ports,Mundra,North,Critical,Open,SIEM,Page 5 - Compliance & Resilience,Policy Acknowledgement Rate,13,100,-87,SOC Team
2026-03-25,2026-03-24,Data Center,Ahmedabad,Central,Low,Open,Firewall,Page 1 - SOC Overview,Mean Time to Detect (MTTD),51,100,-49,Security Ops
2026-03-25,2026-03-24,Ports,Mumbai,East,Critical,Open,Firewall,Page 1 - SOC Overview,Mean Time to Respond (MTTR),64,100,-36,Security Ops
2026-03-25,2026-03-24,Energy,Mumbai,Central,High,Open,Firewall,Page 1 - SOC Overview,SLA Compliance Rate,14,100,-86,SOC Team
2026-03-25,2026-03-24,Data Center,Mumbai,West,Low,Open,SIEM,Page 1 - SOC Overview,Incident Recurrence Rate,43,100,-57,SOC Team
2026-03-25,2026-03-24,Ports,Mumbai,West,Critical,In Progress,SIEM,Page 1 - SOC Overview,Escalation Rate,80,100,-20,SOC Team
2026-03-25,2026-03-24,Data Center,Mumbai,North,Medium,Resolved,Firewall,Page 2 - Threat Detection,Blocked Malware Attempts,112,100,12,Security Ops
2026-03-25,2026-03-24,Energy,Raipur,North,High,Resolved,SIEM,Page 2 - Threat Detection,EDR Coverage Rate,108,100,8,Security Ops
2026-03-25,2026-03-24,Airports,Mumbai,Central,Critical,Open,DLP,Page 2 - Threat Detection,XDR Alert Volume,34,100,-66,Security Ops
2026-03-25,2026-03-24,Ports,Ahmedabad,West,Medium,Open,Firewall,Page 3 - Vulnerability & Patch,Vulnerability Remediation Rate,41,100,-59,Security Ops
2026-03-25,2026-03-24,Energy,Mumbai,West,Medium,Resolved,EDR,Page 3 - Vulnerability & Patch,Scan Coverage Rate,92,100,-8,Security Ops
2026-03-25,2026-03-24,Airports,Ahmedabad,Central,High,Resolved,SIEM,Page 4 - Identity & Access,Privileged Account Count,117,100,17,SOC Team
2026-03-25,2026-03-24,Ports,Ahmedabad,East,Low,Resolved,DLP,Page 4 - Identity & Access,Password Policy Compliance,123,100,23,Security Ops
2026-03-25,2026-03-24,Airports,Mundra,South,High,Resolved,SIEM,Page 4 - Identity & Access,Access Review Completion Rate,117,100,17,SOC Team
2026-03-25,2026-03-24,Ports,Mundra,North,Medium,Open,EDR,Page 4 - Identity & Access,IAM Provisioning SLA,63,100,-37,Security Ops
2026-03-25,2026-03-24,Data Center,Raipur,North,Low,Resolved,EDR,Page 4 - Identity & Access,Third-Party Access Risk Score,103,100,3,Security Ops
2026-03-25,2026-03-24,Ports,Raipur,West,Low,Open,SIEM,Page 5 - Compliance & Resilience,Compliance Controls Pass Rate,64,100,-36,Security Ops
2026-03-25,2026-03-24,Ports,Mundra,West,Critical,Open,DLP,Page 5 - Compliance & Resilience,Audit Findings Open,22,100,-78,SOC Team
2026-03-25,2026-03-24,Energy,Ahmedabad,West,Low,Resolved,EDR,Page 5 - Compliance & Resilience,Recovery Time Objective (RTO) Achievement,126,100,26,SOC Team
2026-03-25,2026-03-24,Energy,Mumbai,West,Low,Open,IAM,Page 5 - Compliance & Resilience,Business Continuity Readiness,50,100,-50,SOC Team
2026-03-26,2026-03-24,Ports,Raipur,West,High,Open,SIEM,Page 1 - SOC Overview,Total Security Incidents,10,100,-90,SOC Team
2026-03-26,2026-03-24,Data Center,Mundra,East,High,In Progress,DLP,Page 1 - SOC Overview,False Positive Rate,80,100,-20,SOC Team
2026-03-26,2026-03-24,Airports,Mundra,North,Low,In Progress,DLP,Page 1 - SOC Overview,Incident Recurrence Rate,70,100,-30,Security Ops
2026-03-26,2026-03-24,Airports,Mundra,South,High,Open,SIEM,Page 2 - Threat Detection,Blocked Malware Attempts,41,100,-59,SOC Team
2026-03-26,2026-03-24,Ports,Mumbai,Central,High,In Progress,DLP,Page 2 - Threat Detection,Ransomware Detection Count,72,100,-28,Security Ops
2026-03-26,2026-03-24,Data Center,Mundra,South,Critical,Open,SIEM,Page 2 - Threat Detection,EDR Coverage Rate,48,100,-52,Security Ops
2026-03-26,2026-03-24,Data Center,Mumbai,North,Medium,In Progress,Firewall,Page 3 - Vulnerability & Patch,Patch Compliance Rate,68,100,-32,Security Ops
2026-03-26,2026-03-24,Airports,Raipur,West,Critical,In Progress,DLP,Page 3 - Vulnerability & Patch,Internet-Facing Asset Risk Score,66,100,-34,Security Ops
2026-03-26,2026-03-24,Energy,Mumbai,Central,High,Resolved,Firewall,Page 3 - Vulnerability & Patch,Scan Coverage Rate,110,100,10,SOC Team
2026-03-26,2026-03-24,Ports,Raipur,West,High,Open,EDR,Page 4 - Identity & Access,Password Policy Compliance,44,100,-56,Security Ops
2026-03-26,2026-03-24,Energy,Ahmedabad,Central,Medium,Resolved,EDR,Page 4 - Identity & Access,Access Review Completion Rate,98,100,-2,Security Ops
2026-03-26,2026-03-24,Ports,Ahmedabad,Central,Low,In Progress,Firewall,Page 4 - Identity & Access,Unauthorized Access Attempts,76,100,-24,Security Ops
2026-03-26,2026-03-24,Data Center,Mumbai,Central,Critical,Open,SIEM,Page 4 - Identity & Access,IAM Provisioning SLA,56,100,-44,SOC Team
2026-03-26,2026-03-24,Data Center,Ahmedabad,North,Low,Resolved,SIEM,Page 4 - Identity & Access,Third-Party Access Risk Score,91,100,-9,Security Ops
2026-03-26,2026-03-24,Energy,Mundra,West,High,In Progress,IAM,Page 5 - Compliance & Resilience,Policy Acknowledgement Rate,75,100,-25,Security Ops
2026-03-27,2026-03-24,Energy,Mumbai,South,Low,Open,IAM,Page 1 - SOC Overview,Mean Time to Detect (MTTD),38,100,-62,Security Ops
2026-03-27,2026-03-24,Energy,Mumbai,Central,Low,Open,IAM,Page 1 - SOC Overview,SLA Compliance Rate,39,100,-61,Security Ops
2026-03-27,2026-03-24,Data Center,Ahmedabad,West,Low,In Progress,IAM,Page 1 - SOC Overview,Incident Recurrence Rate,81,100,-19,Security Ops
2026-03-27,2026-03-24,Airports,Mumbai,East,High,In Progress,Firewall,Page 2 - Threat Detection,Blocked Malware Attempts,77,100,-23,Security Ops
2026-03-27,2026-03-24,Data Center,Ahmedabad,East,Critical,Open,SIEM,Page 2 - Threat Detection,Ransomware Detection Count,24,100,-76,Security Ops
2026-03-27,2026-03-24,Energy,Mumbai,Central,Critical,Resolved,DLP,Page 2 - Threat Detection,XDR Alert Volume,95,100,-5,SOC Team
2026-03-27,2026-03-24,Airports,Mundra,South,High,Resolved,IAM,Page 2 - Threat Detection,Suspicious Login Attempts,130,100,30,Security Ops
2026-03-27,2026-03-24,Energy,Mundra,West,Medium,Resolved,EDR,Page 3 - Vulnerability & Patch,CVSS Weighted Exposure,99,100,-1,SOC Team
2026-03-27,2026-03-24,Energy,Mumbai,East,Medium,Resolved,IAM,Page 3 - Vulnerability & Patch,Configuration Drift Incidents,101,100,1,Security Ops
2026-03-27,2026-03-24,Airports,Raipur,East,High,Open,Firewall,Page 4 - Identity & Access,MFA Adoption Rate,25,100,-75,Security Ops
2026-03-27,2026-03-24,Energy,Mundra,Central,Critical,Open,IAM,Page 4 - Identity & Access,Privileged Account Count,53,100,-47,SOC Team
2026-03-27,2026-03-24,Ports,Mundra,South,Low,Open,IAM,Page 4 - Identity & Access,Dormant Account Count,54,100,-46,SOC Team
2026-03-27,2026-03-24,Energy,Mundra,West,Low,Open,EDR,Page 4 - Identity & Access,Failed Login Rate,52,100,-48,SOC Team
2026-03-27,2026-03-24,Airports,Mumbai,North,Medium,Resolved,EDR,Page 4 - Identity & Access,IAM Provisioning SLA,100,100,0,Security Ops
2026-03-27,2026-03-24,Energy,Mumbai,West,Low,In Progress,Firewall,Page 4 - Identity & Access,PAM Session Violations,83,100,-17,Security Ops
2026-03-27,2026-03-24,Airports,Mundra,South,Critical,In Progress,Firewall,Page 5 - Compliance & Resilience,Data Loss Prevention (DLP) Incidents,77,100,-23,Security Ops
2026-03-27,2026-03-24,Ports,Raipur,East,Critical,Open,EDR,Page 5 - Compliance & Resilience,Backup Success Rate,34,100,-66,Security Ops
2026-03-27,2026-03-24,Ports,Ahmedabad,North,Critical,Open,EDR,Page 5 - Compliance & Resilience,Disaster Recovery Drill Score,41,100,-59,Security Ops
2026-03-27,2026-03-24,Airports,Ahmedabad,West,High,Resolved,SIEM,Page 5 - Compliance & Resilience,Business Continuity Readiness,119,100,19,Security Ops
2026-03-27,2026-03-24,Airports,Raipur,Central,High,Open,SIEM,Page 5 - Compliance & Resilience,Policy Acknowledgement Rate,23,100,-77,Security Ops
2026-03-28,2026-03-24,Ports,Raipur,Central,High,Resolved,DLP,Page 1 - SOC Overview,Total Security Incidents,106,100,6,SOC Team
2026-03-28,2026-03-24,Energy,Raipur,East,Critical,Open,EDR,Page 1 - SOC Overview,Critical Incidents,11,100,-89,Security Ops
2026-03-28,2026-03-24,Ports,Raipur,Central,Low,Open,SIEM,Page 1 - SOC Overview,Mean Time to Respond (MTTR),31,100,-69,SOC Team
2026-03-28,2026-03-24,Energy,Mundra,North,Critical,Open,IAM,Page 1 - SOC Overview,Open High-Risk Alerts,37,100,-63,SOC Team
2026-03-28,2026-03-24,Ports,Mundra,South,High,Resolved,Firewall,Page 1 - SOC Overview,False Positive Rate,115,100,15,SOC Team
2026-03-28,2026-03-24,Airports,Ahmedabad,Central,Medium,Resolved,DLP,Page 1 - SOC Overview,Incident Recurrence Rate,117,100,17,Security Ops
2026-03-28,2026-03-24,Data Center,Mumbai,Central,Low,Open,EDR,Page 1 - SOC Overview,SOC Analyst Utilization,32,100,-68,SOC Team
2026-03-28,2026-03-24,Airports,Mumbai,East,High,Open,Firewall,Page 1 - SOC Overview,Escalation Rate,33,100,-67,Security Ops
2026-03-28,2026-03-24,Energy,Mumbai,Central,Low,Resolved,DLP,Page 2 - Threat Detection,Threats Detected per Day,110,100,10,Security Ops
2026-03-28,2026-03-24,Airports,Mundra,East,Low,Resolved,EDR,Page 2 - Threat Detection,Ransomware Detection Count,112,100,12,Security Ops
2026-03-28,2026-03-24,Data Center,Mumbai,West,Critical,Resolved,IAM,Page 2 - Threat Detection,Phishing Detection Count,106,100,6,SOC Team
2026-03-28,2026-03-24,Airports,Raipur,South,Critical,Open,EDR,Page 2 - Threat Detection,XDR Alert Volume,63,100,-37,Security Ops
2026-03-28,2026-03-24,Energy,Raipur,East,Medium,Resolved,SIEM,Page 2 - Threat Detection,Suspicious Login Attempts,129,100,29,Security Ops
2026-03-28,2026-03-24,Ports,Mundra,South,Critical,Open,EDR,Page 3 - Vulnerability & Patch,High Vulnerabilities Open,19,100,-81,Security Ops
2026-03-28,2026-03-24,Ports,Mumbai,South,Critical,In Progress,EDR,Page 3 - Vulnerability & Patch,Internet-Facing Asset Risk Score,78,100,-22,Security Ops
2026-03-28,2026-03-24,Energy,Mumbai,East,High,Open,DLP,Page 3 - Vulnerability & Patch,Scan Coverage Rate,41,100,-59,Security Ops
2026-03-28,2026-03-24,Energy,Mumbai,North,High,Open,SIEM,Page 4 - Identity & Access,MFA Adoption Rate,57,100,-43,SOC Team
2026-03-28,2026-03-24,Data Center,Mumbai,South,Low,Open,IAM,Page 4 - Identity & Access,Privileged Account Count,49,100,-51,Security Ops
2026-03-28,2026-03-24,Energy,Mumbai,West,High,Open,EDR,Page 4 - Identity & Access,Failed Login Rate,28,100,-72,SOC Team
2026-03-28,2026-03-24,Data Center,Ahmedabad,West,Low,Resolved,SIEM,Page 4 - Identity & Access,Unauthorized Access Attempts,121,100,21,SOC Team
2026-03-28,2026-03-24,Data Center,Ahmedabad,North,Medium,Open,IAM,Page 4 - Identity & Access,PAM Session Violations,44,100,-56,Security Ops
2026-03-28,2026-03-24,Airports,Mundra,West,Low,In Progress,EDR,Page 4 - Identity & Access,Third-Party Access Risk Score,78,100,-22,Security Ops
2026-03-28,2026-03-24,Ports,Ahmedabad,East,High,In Progress,IAM,Page 5 - Compliance & Resilience,Disaster Recovery Drill Score,88,100,-12,Security Ops
2026-03-28,2026-03-24,Energy,Raipur,Central,Low,Resolved,Firewall,Page 5 - Compliance & Resilience,Business Continuity Readiness,119,100,19,SOC Team
2026-03-28,2026-03-24,Energy,Mumbai,South,Critical,Open,Firewall,Page 5 - Compliance & Resilience,Policy Acknowledgement Rate,50,100,-50,SOC Team
2026-03-28,2026-03-24,Ports,Ahmedabad,North,High,Open,Firewall,Page 5 - Compliance & Resilience,Security Awareness Training Completion,20,100,-80,Security Ops
2026-03-28,2026-03-24,Airports,Mumbai,Central,Critical,Open,IAM,Page 5 - Compliance & Resilience,Third-Party Compliance Score,61,100,-39,Security Ops
2026-03-29,2026-03-24,Ports,Mundra,South,Medium,Open,SIEM,Page 1 - SOC Overview,Critical Incidents,52,100,-48,SOC Team
2026-03-29,2026-03-24,Data Center,Raipur,South,Critical,In Progress,SIEM,Page 1 - SOC Overview,SOC Analyst Utilization,81,100,-19,SOC Team
2026-03-29,2026-03-24,Data Center,Raipur,South,Low,Open,SIEM,Page 2 - Threat Detection,Threats Detected per Day,54,100,-46,SOC Team
2026-03-29,2026-03-24,Energy,Mundra,South,Critical,Resolved,EDR,Page 2 - Threat Detection,IOC Match Rate,96,100,-4,Security Ops
2026-03-29,2026-03-24,Airports,Ahmedabad,Central,Low,Open,EDR,Page 2 - Threat Detection,Lateral Movement Alerts,57,100,-43,Security Ops
2026-03-29,2026-03-24,Ports,Mundra,East,Critical,Resolved,DLP,Page 2 - Threat Detection,Anomalous Network Sessions,114,100,14,SOC Team
2026-03-29,2026-03-24,Ports,Raipur,West,Low,Open,Firewall,Page 3 - Vulnerability & Patch,Vulnerability Remediation Rate,59,100,-41,SOC Team
2026-03-29,2026-03-24,Data Center,Mundra,West,Medium,Resolved,SIEM,Page 3 - Vulnerability & Patch,CVSS Weighted Exposure,95,100,-5,SOC Team
2026-03-29,2026-03-24,Ports,Mumbai,East,Low,In Progress,DLP,Page 3 - Vulnerability & Patch,Scan Coverage Rate,67,100,-33,Security Ops
2026-03-29,2026-03-24,Data Center,Ahmedabad,East,Medium,Open,Firewall,Page 3 - Vulnerability & Patch,Configuration Drift Incidents,53,100,-47,SOC Team
2026-03-29,2026-03-24,Airports,Ahmedabad,East,High,In Progress,Firewall,Page 4 - Identity & Access,Access Review Completion Rate,65,100,-35,Security Ops
2026-03-29,2026-03-24,Data Center,Ahmedabad,Central,Medium,Open,DLP,Page 4 - Identity & Access,Unauthorized Access Attempts,40,100,-60,Security Ops
2026-03-29,2026-03-24,Data Center,Mundra,East,Critical,In Progress,IAM,Page 4 - Identity & Access,IAM Provisioning SLA,82,100,-18,Security Ops
2026-03-29,2026-03-24,Ports,Mundra,West,High,Open,SIEM,Page 4 - Identity & Access,PAM Session Violations,14,100,-86,Security Ops
2026-03-29,2026-03-24,Energy,Raipur,East,Medium,In Progress,Firewall,Page 4 - Identity & Access,Third-Party Access Risk Score,85,100,-15,SOC Team
2026-03-29,2026-03-24,Data Center,Raipur,North,Low,Open,DLP,Page 5 - Compliance & Resilience,Compliance Controls Pass Rate,10,100,-90,Security Ops
2026-03-29,2026-03-24,Data Center,Mundra,West,High,Open,SIEM,Page 5 - Compliance & Resilience,Audit Findings Open,48,100,-52,SOC Team
2026-03-29,2026-03-24,Energy,Mundra,North,High,Open,Firewall,Page 5 - Compliance & Resilience,Data Loss Prevention (DLP) Incidents,15,100,-85,Security Ops
2026-03-29,2026-03-24,Data Center,Mundra,West,Low,Open,DLP,Page 5 - Compliance & Resilience,Recovery Time Objective (RTO) Achievement,51,100,-49,Security Ops
2026-03-29,2026-03-24,Data Center,Mundra,South,Medium,Open,SIEM,Page 5 - Compliance & Resilience,Policy Acknowledgement Rate,16,100,-84,SOC Team
2026-03-29,2026-03-24,Data Center,Mundra,North,Low,Open,SIEM,Page 5 - Compliance & Resilience,Security Awareness Training Completion,51,100,-49,Security Ops
2026-03-29,2026-03-24,Airports,Mundra,South,Critical,Resolved,Firewall,Page 5 - Compliance & Resilience,Third-Party Compliance Score,96,100,-4,Security Ops
2026-03-30,2026-03-24,Energy,Mumbai,East,Medium,Resolved,IAM,Page 1 - SOC Overview,SLA Compliance Rate,125,100,25,SOC Team
2026-03-30,2026-03-24,Airports,Mumbai,South,High,Open,IAM,Page 1 - SOC Overview,False Positive Rate,43,100,-57,Security Ops
2026-03-30,2026-03-24,Ports,Mundra,South,Medium,Resolved,SIEM,Page 1 - SOC Overview,Incident Recurrence Rate,91,100,-9,SOC Team
2026-03-30,2026-03-24,Airports,Mumbai,North,Medium,Open,SIEM,Page 1 - SOC Overview,Escalation Rate,63,100,-37,Security Ops
2026-03-30,2026-03-24,Data Center,Raipur,Central,High,Open,SIEM,Page 2 - Threat Detection,Threats Detected per Day,15,100,-85,SOC Team
2026-03-30,2026-03-24,Ports,Mundra,Central,Low,Open,SIEM,Page 2 - Threat Detection,Ransomware Detection Count,63,100,-37,SOC Team
2026-03-30,2026-03-24,Energy,Ahmedabad,South,High,Open,IAM,Page 2 - Threat Detection,XDR Alert Volume,44,100,-56,Security Ops
2026-03-30,2026-03-24,Ports,Raipur,East,High,Resolved,IAM,Page 3 - Vulnerability & Patch,Vulnerability Remediation Rate,117,100,17,Security Ops
2026-03-30,2026-03-24,Data Center,Mundra,North,Low,In Progress,DLP,Page 4 - Identity & Access,Dormant Account Count,83,100,-17,Security Ops
2026-03-30,2026-03-24,Ports,Raipur,West,High,Resolved,SIEM,Page 4 - Identity & Access,Failed Login Rate,111,100,11,SOC Team
2026-03-30,2026-03-24,Data Center,Mundra,Central,Medium,Resolved,Firewall,Page 4 - Identity & Access,IAM Provisioning SLA,120,100,20,SOC Team
2026-03-30,2026-03-24,Data Center,Mumbai,West,Low,In Progress,SIEM,Page 4 - Identity & Access,PAM Session Violations,89,100,-11,Security Ops
2026-03-30,2026-03-24,Airports,Mumbai,East,Critical,Open,SIEM,Page 5 - Compliance & Resilience,Compliance Controls Pass Rate,34,100,-66,SOC Team
2026-03-30,2026-03-24,Airports,Mumbai,West,Critical,Resolved,Firewall,Page 5 - Compliance & Resilience,Audit Findings Open,114,100,14,SOC Team
2026-03-30,2026-03-24,Data Center,Raipur,North,Low,Resolved,SIEM,Page 5 - Compliance & Resilience,Backup Success Rate,126,100,26,SOC Team
2026-03-30,2026-03-24,Airports,Mumbai,South,Low,In Progress,IAM,Page 5 - Compliance & Resilience,Recovery Time Objective (RTO) Achievement,89,100,-11,SOC Team
2026-03-30,2026-03-24,Airports,Mumbai,West,High,Resolved,SIEM,Page 5 - Compliance & Resilience,Disaster Recovery Drill Score,125,100,25,Security Ops
2026-03-30,2026-03-24,Airports,Mundra,West,Critical,Resolved,EDR,Page 5 - Compliance & Resilience,Business Continuity Readiness,102,100,2,Security Ops
2026-03-30,2026-03-24,Data Center,Raipur,East,High,Open,EDR,Page 5 - Compliance & Resilience,Security Awareness Training Completion,50,100,-50,Security Ops
